season,date,home_team,away_team,home_gf,away_gf,home_cf_pct,away_cf_pct,home_xgf_pct,away_xgf_pct,home_hdcf_pct,away_hdcf_pct,home_sf_pct,away_sf_pct,home_gf_pct,away_gf_pct,home_goals_1_5
20132014,2013-10-07,NYR,SEA,5,0,44.16167224336399,37.41168988591605,60.3235229154987,56.39819704323989,56.03345035229626,56.97327922401266,40.04550501902759,40.0,65.0,59.461407854346646,1
20132014,2013-10-11,SJS,OTT,4,1,63.84829137724085,49.30103185970559,52.92900825439995,65.0,65.22634555704315,71.96896099223679,58.66346223951676,45.170928673735034,53.727150316712866,65.0,1
20132014,2013-10-18,WPG,NYI,4,0,52.502656467222295,60.437484700462335,55.78997883128378,43.76985004103839,58.844820512829465,42.87948587257436,46.952390820500064,54.593736230416106,62.64797650252302,43.39910793424761,1
20132014,2013-10-22,CHI,DET,3,0,60.44489538593315,48.13714687695234,48.97431363068345,48.58014336081975,40.16566351370807,52.13811040057837,54.90040584733984,42.72343218925711,56.526359278300134,49.778604214242634,1
20132014,2013-10-30,MIN,BUF,6,0,59.21570097233795,57.45465658763988,55.22554395138992,55.55082036717099,62.12901539863683,42.762573802322855,53.69413087510416,52.409190928875894,60.28605431017283,56.48481667382114,1
20132014,2013-10-31,PIT,VAN,2,0,65.0,58.07344153798229,65.0,45.73140117772072,66.0021126953127,63.77676995469933,60.0,52.46609738418406,65.0,50.4979637146493,1
20132014,2013-11-05,COL,UTA,4,0,47.34822006297558,52.858194078250385,43.442156209414605,40.464058640415104,37.595961020010485,44.563718652300985,42.51339805667802,46.972374670425346,46.26252354439235,47.14065409340839,1
20132014,2013-11-08,CBJ,ANA,6,1,57.68702689402728,50.05786178142656,58.61410903109534,50.85393447758787,55.92803749951409,36.425599789981455,52.41832420462455,44.9520756032839,63.45335157993579,54.735872485960705,1
20132014,2013-11-12,TBL,BUF,5,0,53.190020922794304,54.95144042175045,43.97331974583459,57.355027010549605,34.88529653274262,67.13130317721983,47.57101883051487,50.1562963795754,53.07588436531409,64.14743088199738,1
20132014,2013-11-19,DAL,BUF,6,1,51.00715659945543,64.7554019752192,53.93322284476612,64.01856897535026,57.689728756342774,70.06904982662843,45.60644093950989,58.97986177769728,58.67162640046464,65.0,1
20132014,2013-11-20,MIN,PIT,8,0,47.576454184426574,58.161215837047784,51.3293756916572,62.850804611097985,61.325115691696865,62.264422305162796,43.218808765983916,53.54509425334301,58.27171250334421,65.0,1
20132014,2013-11-25,FLA,VAN,3,0,58.39889027981886,61.06143694047906,54.59120683593517,48.61500609341027,70.50482066798777,53.5829490050647,53.45900125183697,55.15529324643116,61.627515258502825,53.99943139445969,1
20132014,2013-11-29,NYI,MTL,10,0,61.801077002085265,48.81537235508409,44.80168030473048,47.94031481990536,52.5498895709121,50.07452251961328,55.82096930187674,43.33383511957568,52.85557905448309,51.92925781409345,1
20132014,2013-12-02,SJS,WSH,4,0,52.71884547593484,47.81666521138021,61.3119603626492,36.61000499878099,63.2793390412273,32.120445662476435,48.64696092834136,42.63499869024219,64.10856892019697,43.89701110525567,1
20132014,2013-12-13,UTA,TBL,7,0,35.56912762684532,50.919484121873964,35.0,45.1790588882854,57.87945244033775,37.19882960212537,40.0,45.52753570968657,41.91751756026213,46.5613352038248,1
20132014,2013-12-18,MIN,VAN,3,0,44.920052840435055,51.4834765817465,44.8145760463794,43.95668321302003,64.66381752033021,51.74847625350497,40.82804755639155,46.535128923571854,50.932612244817584,47.887069242127694,1
20132014,2013-12-25,SEA,NJD,4,0,49.84838556412631,45.509483557517584,37.53022621083244,41.76339852413044,49.5732674382039,48.29864655327059,44.56354700771368,40.358535201765825,45.985551246165265,46.12226728145865,1
20132014,2013-12-26,NYR,NYI,8,0,56.66013546832714,42.46543871471652,44.42377296920458,58.28936965177871,47.56926890881284,45.455643243202,51.29412192149443,40.0,52.014903375819586,60.099954893173155,1
20132014,2014-01-07,NSH,NYI,6,1,61.105047448957144,49.784033574683264,65.0,42.21675302960597,55.601488030918354,64.16145929257792,56.09454270406143,45.005630217214936,65.0,42.15129510042791,1
20132014,2014-01-09,DET,TOR,2,1,35.15117520033289,60.01830025104157,44.99057764647471,55.341340328552114,42.245915041201314,52.28975046158507,40.0,55.316470225937415,53.96667723870519,62.19058067858205,1
20132014,2014-01-10,CBJ,CHI,5,0,64.73279157002351,63.94497154767717,52.4854159151224,64.72002127645742,51.11926441200673,62.60134555776825,58.759512413021156,58.05047439290946,60.36195317920967,65.0,1
20132014,2014-01-13,UTA,COL,0,1,36.3505249355421,58.24345096949084,46.984206042321276,46.49741159047408,51.3813463779627,42.57136258845582,40.0,52.319105872541755,53.11631429752501,54.93314403141609,0
20132014,2014-01-17,BUF,OTT,6,0,65.0,57.09082129535547,57.461956883402976,60.55116160168127,60.88195914405787,60.529429357693004,60.0,52.18173916581992,64.46563946158945,65.0,1
20132014,2014-01-21,DAL,CAR,5,0,56.72421488959206,62.27590039413897,50.9632342803949,59.69462345107759,48.08289099032361,45.87850818034674,50.751793400632856,56.648310354725076,54.45483387129767,65.0,1
20132014,2014-01-27,PHI,TOR,8,1,60.61781713262043,62.3738631958994,65.0,61.2963900467533,73.26356769407126,56.20221215792119,55.85603541935839,57.43647687630946,65.0,61.68978401793792,1
20132014,2014-01-28,NSH,COL,3,1,63.36256480915792,49.40615401807587,58.16325436065681,54.44636783471279,49.40672776598887,49.6049050333598,58.126308328242125,44.36553861626828,64.59531175265049,63.512819621369474,1
20132014,2014-01-30,CGY,VAN,6,0,60.60925450184756,43.82004182102661,53.1617569908377,56.52794065300456,55.09932964866847,53.42338920697335,54.648329051662806,40.0,58.926088775343736,61.489839192466064,1
20132014,2014-02-04,EDM,NSH,6,0,41.8312642091309,59.00600977820562,45.745268334281405,64.95335147393864,43.803574769507165,51.402018170478954,40.0,54.205408800385065,51.667456227201086,65.0,1
20132014,2014-02-11,TBL,LAK,7,0,43.43165529360058,44.23314027094523,38.84581172457492,37.139553654323876,46.434361821688796,40.318578957262176,40.0,40.0,44.90824006799325,36.47945926359273,1
20132014,2014-02-12,NYR,CHI,4,0,56.74331010806662,62.344299621494464,59.88881345267258,52.08293341586251,60.48848696025762,51.91491497512247,51.36897909725996,56.609869659345016,60.882416325275784,52.83991842277358,1
20132014,2014-03-04,TOR,LAK,2,3,59.60696962561828,41.30713639348115,65.0,43.756196016174755,48.226030894022244,54.524525535084386,54.94627266305645,40.0,65.0,44.61069186319367,1
20132014,2014-03-06,PIT,NSH,5,0,61.81497558517569,61.70073464089821,65.0,60.53238968252824,71.62584419460057,71.15747676107874,56.83347802665812,56.63066117680839,65.0,62.53640425227566,1
20132014,2014-03-18,COL,BOS,7,2,40.75736222485314,48.46332402103785,41.77649546884041,51.122037621116775,34.08132698242989,57.82868349899387,40.0,43.516991618934064,42.221105657141266,52.40123388436282,1
20132014,2014-03-21,NYR,UTA,5,0,55.675171274403546,47.65964126834265,61.157322609250315,43.03897202598078,47.48589746889484,50.41347364565978,50.40765414696319,42.29367714150838,65.0,51.939543681500595,1
20132014,2014-03-31,MTL,VGK,4,0,43.908472528079315,65.0,48.82921822278091,65.0,46.19452547772166,70.35715817152253,40.0,60.0,59.289066204297434,65.0,1
20132014,2014-04-09,NYR,OTT,3,1,54.310166946459475,65.0,57.323581494659045,54.850485143570864,55.9708809433198,49.82052949089961,49.17915025181353,60.0,65.0,58.771502282132786,1
20132014,2014-04-10,NJD,CAR,2,0,49.801692742481734,53.488707394408436,35.0,47.37843078734438,48.541016329647384,43.319631964663614,44.22152346823356,48.7398366549676,41.2189639905254,47.55874352659691,1
20142015,2014-10-02,MTL,PIT,3,1,35.0,55.07443063460278,39.88499303686578,45.28534600111375,26.167394251269123,50.43513752610883,40.0,49.8669875711425,48.25139122769728,53.1490620073547,1
20142015,2014-10-06,PHI,STL,4,0,50.22946342265515,47.253615686824524,59.60991415092175,53.303473648136254,47.327615178882546,67.26623947048269,45.60651708038964,42.82825411814207,62.37187770682491,57.92371089312002,1
20142015,2014-10-16,NYR,MTL,8,0,44.55295460289572,40.307125621324815,44.68911782514494,35.0,43.43263845162758,30.03088433931447,40.0,40.0,49.72814909587193,35.0,1
20142015,2014-11-05,MIN,WSH,4,1,41.47980122213599,43.962561909337666,36.738500299006986,35.0,48.99722324732882,48.29332227625881,40.0,40.0,43.27139646086771,35.13034720872213,1
20142015,2014-11-11,TBL,PIT,4,2,43.595175495760614,52.421309053876286,35.0,46.64214277643166,39.97329859899681,52.543351014510385,40.0,47.47917814848866,39.36690749266608,51.13093361289405,1
20142015,2014-11-18,CBJ,TBL,7,0,45.94929787959781,35.0,50.40405163264592,35.0,34.197361903860234,44.96553735377187,40.95436809163803,40.0,52.244642182515,35.37027125977539,1
20142015,2014-11-20,EDM,COL,5,1,35.0,48.98613594115531,44.310273545838285,37.93298746104109,42.645985833657164,53.62260809618899,40.0,43.08752234703978,51.2453475705017,39.07629898135727,1
20142015,2014-12-01,NYI,CBJ,9,1,35.0,42.29193113618822,52.35398776414173,52.148605036335226,28.157614556751547,59.86296357292353,40.0,40.0,54.32032400069336,60.66360112788732,1
20142015,2014-12-03,NJD,CHI,2,0,44.9870699913167,38.41045157572929,36.116131628743595,50.62047342916563,34.196303542440006,36.777970833568915,40.0,40.0,39.35629335667383,52.235340984555044,1
20142015,2015-01-01,LAK,MIN,2,0,35.0,36.05367671954457,43.651798188505055,36.77086821227236,25.0,31.127903196187823,40.0,40.0,44.61183234364054,40.74576830206465,1
20142015,2015-01-05,LAK,MTL,10,0,35.0,35.0,42.05643643383803,43.20678204115069,41.46659945702726,25.0,40.0,40.0,48.65316542193079,45.12213623205691,1
20142015,2015-01-07,NYR,LAK,4,2,36.40677524069992,44.14540525966651,35.0,41.52411391587932,40.522718344737484,44.02309061389625,40.0,40.0,35.0,48.47430453742879,1
20142015,2015-01-12,CAR,MTL,3,1,54.20253632835848,35.0,46.14864195547415,35.0,43.735092982411395,45.565806000410234,48.48228269552263,40.0,48.79309989958471,35.0,1
20142015,2015-01-15,UTA,CBJ,3,0,44.829506702900964,54.1302743888916,35.0,47.426378838391486,46.487188074123836,50.86336030319694,40.0,48.31724695000244,35.0,53.006805802204624,1
20142015,2015-01-19,PHI,DET,1,0,46.11668187657168,44.22630576369815,57.979814760791754,35.0,44.67664619355018,46.37214440684395,41.905013688914515,40.0,65.0,35.0,0
20142015,2015-01-21,BOS,MIN,6,0,42.33853836751484,47.68011406199223,49.62372356054847,45.79970759431711,43.95440581050005,53.39536185453431,40.0,42.41210265579301,53.184131727244925,46.94948474201841,1
20142015,2015-01-26,DET,SJS,1,0,35.0,62.469779383547944,37.41831035534954,62.377557105713834,25.0,60.48955495228773,40.0,56.522801445193146,46.37550945240826,64.61617521759155,0
20142015,2015-01-30,VAN,CAR,5,0,41.52362604471946,50.87364451562977,42.02774048659351,41.41539225577521,32.90871463575007,34.47143136847528,40.0,45.4862800640668,49.878610022752156,47.661924502099865,1
20142015,2015-02-02,BUF,UTA,7,0,46.18668012630086,35.0,55.881984073582686,38.0333365075177,39.89863817673259,31.055790311712833,41.36801211367077,40.0,58.801229521191786,46.98025265666585,1
20142015,2015-02-09,NSH,WPG,0,0,55.71130574457943,35.0,50.60611789798925,39.639428038287974,43.0157418010101,31.06980213305293,50.34017517012148,40.0,55.38267515520255,47.778961848488656,0
20142015,2015-02-13,LAK,TBL,2,0,42.202447943784094,35.0,40.597019777867,35.0,25.0,52.59987779801439,40.0,40.0,45.96179122823199,35.0,1
20142015,2015-02-17,LAK,WPG,2,1,35.0,39.35081696523116,35.0,41.78929938274531,31.907698286047882,47.017600973272486,40.0,40.0,35.0,44.16973176346795,1
20142015,2015-02-27,OTT,NJD,4,1,49.951847523074726,35.52805321872226,55.345955399249874,39.63179043510664,47.569548535549,25.0,44.85666277076725,40.0,62.416327891140114,40.69849031852294,1
20142015,2015-03-05,WSH,SEA,5,1,46.49586324293566,35.0,40.006513726938735,35.0,27.986273527874353,30.730486655336406,40.5462769186421,40.0,47.109447523945526,35.0,1
20142015,2015-03-16,NYR,TOR,4,1,52.24726691233382,58.66226044830562,38.21324378011333,46.6313537025452,47.688997506904485,60.47474894046266,46.42254022110044,53.19603440347505,43.95017035904987,54.98481427945613,1
20142015,2015-03-20,TOR,STL,4,0,63.38824644670575,58.46946251373201,49.16266865402255,45.617473214366996,58.70209993623877,67.09463135235634,57.449421802035175,52.92251626235881,51.93083616167176,49.41711594964009,1
20142015,2015-03-25,OTT,VAN,2,1,39.73342853867086,49.883408979383944,53.72804030131281,49.113403059001065,53.91413582865415,45.560630931902566,40.0,44.19506808144555,58.947153088942244,58.40745617003377,1
20142015,2015-03-26,CGY,CBJ,5,0,50.6775003505581,38.966864019241775,38.32312209953501,55.73260245917694,42.217044260651775,59.953560893081374,44.80975031550229,40.0,38.37116289999244,56.755262514438726,1
20142015,2015-03-31,SJS,COL,4,2,62.398240922145405,47.362845087550106,44.87801431578837,35.0,58.17806354675379,45.778778566784936,56.45841682993087,41.62656057879509,48.50331794041292,41.2784482643236,1
20142015,2015-04-01,NJD,MIN,7,1,35.0,54.98827451541333,38.024659540829845,35.96424077721112,25.0,59.31522552663952,40.0,48.989447063872,44.905578540943196,39.12974446216094,1
20142015,2015-04-03,PIT,CHI,4,0,43.11517320996243,49.90934413379725,49.491716598005404,43.771162025406916,48.99384604614194,44.46080867867592,40.0,44.51840972041752,53.1026151738985,45.92371953669089,1
20142015,2015-04-09,TBL,STL,1,1,35.603912375717144,55.15810185586889,35.97645561793801,58.29766523084257,40.40517107681997,62.3895721614828,40.0,49.942291670282,41.1101266470006,65.0,0
20142015,2015-04-10,EDM,OTT,4,0,35.0,48.717435183726515,44.68872053611028,44.13553135441016,31.548680617189035,42.54618705885768,40.0,43.74569166535387,46.57180087421347,46.72198413911405,1
20152016,2015-10-01,WPG,FLA,4,1,37.62876695391254,57.34624439257807,44.5032676733412,51.13125567402727,50.27138785167298,69.8878062571274,40.0,52.211619953320266,45.622363671622765,55.47983770862925,1
20152016,2015-10-02,DET,STL,4,2,39.220569396134096,53.73741117948964,47.797226057334406,64.61051030487724,53.000693701940335,52.244181066444085,40.0,49.26367006154068,52.011162456095036,65.0,1
20152016,2015-10-05,NJD,CBJ,5,0,43.83943000886532,49.81811991811029,43.141880721775614,53.88952670372346,42.4009223814221,51.90300576577508,40.0,45.036307926299266,45.67553975511293,63.956334576244686,1
20152016,2015-10-08,MIN,CAR,6,2,42.71316499192861,47.53312804453976,58.883817493282365,50.09992611663875,41.756019741562284,40.0827152823828,40.0,43.079815240085786,62.90591486376582,55.00051663738533,1
20152016,2015-10-14,FLA,TOR,4,2,65.0,60.71655368946163,49.50605884715319,51.93352899293439,61.70014672461997,58.511128087745554,59.237255121096844,55.644898320515466,50.86600161845908,58.68851518118029,1
20152016,2015-10-20,CHI,ANA,5,1,54.16972825319583,38.35298056947117,52.136768636409656,40.54714600192197,41.77912061856941,41.25023505690763,48.95275542787625,40.0,52.781535830842124,43.81095585722405,1
20152016,2015-11-03,CHI,PHI,5,2,58.3747000814854,54.47228868992622,48.450559556928305,65.0,37.686814749283606,62.19124286792548,52.73723007333686,50.0250598209336,49.633527009301446,65.0,1
20152016,2015-11-04,PHI,BOS,0,0,60.12215109693501,38.4407010424879,54.6510271673076,47.88581501123549,47.39896183077906,59.093475216509816,55.10993598724151,40.0,61.88336618875529,56.83544843833947,0
20152016,2015-11-11,STL,BOS,5,0,58.692031740377296,44.60674355017842,64.08507088687726,39.413295170999966,62.584932542227634,33.23889443011245,53.722828566339565,40.0,65.0,46.581585095541456,1
20152016,2015-11-25,VAN,PIT,3,0,58.27644550964702,64.80675471720296,43.97160515429884,60.642964595599445,38.014112088384664,64.42924481714734,52.34880095868232,59.226079245482666,47.65457188596808,62.704209536906156,1
20152016,2015-11-27,EDM,WSH,3,2,41.986676699572364,50.29320784280836,37.32038556010762,37.86955936809734,31.477133338505283,47.55131943732905,40.0,44.56388705852752,38.12442174299288,45.46337458476974,1
20152016,2015-11-30,ANA,EDM,4,0,54.606377696756475,41.90904206921964,41.06116865601569,39.72697819696631,54.43511271360758,40.503732972592786,48.74573992708083,40.0,48.8186074809043,41.76932296031658,1
20152016,2015-12-04,NSH,CBJ,3,0,58.17158578895157,61.414999153413405,55.75190462965539,60.84630779346386,56.85840810012867,60.51528030303022,53.15442721005641,55.473499238072066,65.0,65.0,1
20152016,2015-12-09,DAL,BOS,4,1,47.347007960928565,37.3850861257172,35.0,55.19653036151858,36.66240454055659,45.34765883727771,42.01230716483571,40.0,35.83654238594204,65.0,1
20152016,2015-12-10,NSH,COL,0,2,59.97063151368731,43.77305597259694,49.90023397984609,39.27367602930603,54.27978669823934,39.2137392254232,54.77356836231858,40.0,54.59117678241226,47.88421896072241,0
20152016,2015-12-14,MTL,NYR,4,1,43.7214152745965,51.1562645102214,35.42126742907457,43.61189196350602,55.35191836401788,36.61574620994078,40.0,46.04063805919926,42.345313231772,46.17367948506646,1
20152016,2015-12-15,FLA,MIN,6,1,54.26832898590523,43.11861425116986,61.163700221530746,44.03138743175347,63.30271358229828,38.8127076193667,49.441496087314704,40.0,65.0,49.106254007804324,1
20152016,2015-12-31,STL,BOS,3,0,64.1735278022201,45.406381082035715,62.56757645710284,46.04100426976894,66.68793973674357,34.741421707341715,58.65617502199809,40.46574297383214,65.0,49.898863527219454,1
20152016,2016-01-01,MIN,CAR,3,0,44.626385598510105,53.2021942499765,48.753471895007884,57.46809531224572,48.06981374059668,41.12412073760862,40.2637470386591,48.18197482497885,57.27144379061105,60.16929239810723,1
20152016,2016-01-05,SEA,LAK,4,0,48.91850417627349,41.40593153837308,53.6393838089229,38.46925192288347,35.295259845692286,29.67130271975534,43.42665375864614,40.0,62.854628866476354,45.5712331800472,1
20152016,2016-01-08,MTL,CGY,6,0,50.82252863642607,42.05872735149804,45.94439175484075,49.31099929842881,48.199591600568354,62.38940145101651,44.840275772783464,40.0,55.941958459630754,51.09504033797344,1
20152016,2016-01-19,CHI,NYR,1,0,60.18780384016792,44.5044740453698,57.604261268602045,42.62698816289814,37.21087611440858,46.96508089111188,54.36902345615113,40.05402664083282,58.73748990623849,51.11591756006585,0
20152016,2016-01-20,SJS,VAN,4,0,64.74253205203209,55.89578872572043,65.0,44.36278040191027,55.13621281669995,38.69145413210344,59.168278846828876,50.20620985314839,65.0,52.429954676137804,1
20152016,2016-01-25,NJD,CHI,4,1,38.86895693127183,51.88962262590186,47.557367506443455,61.59101680763514,49.63139046583126,41.348952171394515,40.0,46.90066036331167,54.457358721805086,65.0,1
20152016,2016-01-26,PIT,SEA,3,0,59.902110565213995,44.85091606790846,65.0,49.833999769067034,50.82228487584137,45.46515970160176,54.8118995086926,40.0,65.0,56.54640135459323,1
20152016,2016-02-01,MTL,COL,0,0,35.0,45.94511860629376,38.11946747589705,42.7955494312377,55.341854539205855,57.1640710006743,40.0,40.95060674566439,45.77131138716682,47.92358196520664,0
20152016,2016-02-03,MIN,UTA,3,0,59.93275908399214,42.05027229565451,52.20364516749824,35.0,58.52188520998041,36.30989577827309,54.03948317559293,40.0,57.90381707207447,35.0,1
20152016,2016-02-04,FLA,DET,5,0,47.880722088685324,37.24698203771027,53.13341948283529,43.85349315344847,63.72445654368252,31.875224377607566,43.69264987981679,40.0,55.61117833695279,53.10842177302867,1
20152016,2016-02-08,COL,CBJ,6,0,50.652704694016656,61.355117542067774,52.40755014897947,59.13747872150188,40.39485984451847,40.529319644779754,45.18743422461499,55.419605787860995,61.03423788770493,65.0,1
20152016,2016-02-10,CAR,TBL,7,0,59.45916892442972,40.736810037222064,47.19505895367362,39.9297956256663,49.370813786572924,56.546239988683254,53.81325203198675,40.0,56.349138748802716,40.63025964142251,1
20152016,2016-02-11,ANA,PIT,1,1,44.4023745569545,61.27554837631398,54.10719748555741,57.71010908796319,53.190139021802906,61.31749192305839,40.0,56.04799353868258,56.83052141325902,64.96181123014469,0
20152016,2016-02-15,MTL,CHI,6,1,35.0,43.54156023902922,44.10564819383316,48.807601853333495,55.75227851503516,62.99159542754026,40.0,40.0,45.14292172931665,50.643660726580165,1
20152016,2016-02-17,TOR,UTA,2,2,57.79518774852984,35.0,57.59005806749437,39.255222585320524,51.80191148770532,50.07062987477792,53.01566897367686,40.0,61.16518327291581,43.87144547488609,1
20152016,2016-03-02,PHI,VGK,4,2,51.366818710645205,54.6765689404704,55.266315675064,65.0,46.383706930072016,46.227226189651596,47.23013683958069,50.10891204642336,60.46465504176426,65.0,1
20152016,2016-03-04,FLA,BUF,3,1,51.35553350976669,49.04614499678813,61.78321693177463,48.404506027546304,58.200480369056535,53.65123886948816,46.81998015879002,44.54153049710932,65.0,55.22061412122921,1
20152016,2016-03-09,NYR,TOR,5,0,43.29649350693524,65.0,43.4116382311418,62.79211122355363,63.443249605143265,65.29279087015178,40.0,60.0,47.205263177103866,64.3882567306294,1
20152016,2016-03-11,VAN,FLA,6,0,51.08143354142439,55.00930603315636,57.14760329425694,55.45942692191021,41.16569981205783,59.675590871892354,45.87329018728195,50.10837542984073,62.658781370489734,60.10280724400807,1
20152016,2016-03-15,DET,FLA,3,0,35.0,62.36413337496495,36.55644145563469,56.63198929208862,50.50046526352154,67.3958803208348,40.0,56.72772003746846,38.957708618827134,62.44298376394164,1
20152016,2016-03-21,VAN,NJD,4,0,44.9345528220818,48.25761005824825,53.3685845963747,35.0,62.62099382755122,47.52716374194783,40.34109753987362,42.531849052423425,61.01937756707506,38.342160118521946,1
20152016,2016-04-06,DAL,TBL,2,2,37.08643130566159,44.59983045852837,37.43696962654189,50.580354650909825,48.13631277990902,58.737896802009004,40.0,40.0,44.19047909194187,59.43851640719438,1
20162017,2016-10-12,PHI,SJS,3,0,65.0,65.0,59.077957283402476,61.8057108590632,48.32843934194322,51.78837324642696,60.0,60.0,64.31109669706524,65.0,1
20162017,2016-10-13,UTA,ANA,0,0,42.516251977466474,37.89556901009337,42.233627731630236,52.23813640264831,31.968850410847963,60.39933301980639,40.0,40.0,48.71439560574939,56.15963831442432,0
20162017,2016-10-18,WSH,CBJ,2,1,44.621706897704854,45.10518370394025,50.83446723489352,46.34719466277256,46.40664556355088,67.16075769489774,40.0,40.89466533354622,57.11479840676228,47.96678159659752,1
20162017,2016-10-21,PHI,WPG,1,3,53.60095565022277,44.480128569663115,65.0,43.88255426331503,57.111909588259195,59.84573919177964,49.3408600852005,40.0,65.0,49.22462090182956,0
20162017,2016-10-25,PHI,UTA,5,1,65.0,35.54341850543731,58.12371294235189,42.14892732239484,70.80444921389257,47.321619645561505,60.0,40.0,64.9262214794574,44.51419220267258,1
20162017,2016-11-02,CBJ,NYI,3,2,57.21769433364638,51.9824117008065,61.13885617669668,47.06921481093565,41.971171371049174,48.75399273707774,51.79592490028174,46.78417053072585,65.0,47.15595192492775,1
20162017,2016-11-03,OTT,CGY,7,1,57.774630442626396,54.235963827553945,53.50659815839204,46.730810136460555,49.57350666577611,49.33826386602254,52.59716739836376,48.71236744479855,55.28948888509212,51.42714595011843,1
20162017,2016-11-08,CGY,BUF,4,1,47.96638110738844,45.38232188859528,49.20864978008464,54.53686936635634,52.797775332796306,60.631661272916816,43.0697429966496,41.344089699735754,58.49334082539398,61.717625879974264,1
20162017,2016-11-14,CHI,BUF,2,0,57.7573903712306,60.06855844513938,59.68289194001352,60.378455642152815,60.21428395860558,59.75621547010165,52.28165133410754,54.561702600625445,61.77968400702326,65.0,1
20162017,2016-11-16,BUF,DAL,2,0,47.219961975826294,54.102304145834026,61.164704200184445,45.451531986734906,68.43064077893412,38.98697033861622,42.99796577824367,48.19207373125062,62.50433937278229,46.26530593817004,1
20162017,2016-11-17,UTA,BOS,4,0,37.62008997817427,55.12222004264994,48.06965486593769,43.42991402495764,54.876841608955615,46.29310959031375,40.0,49.30999803838495,52.72764729780713,45.3331954056134,1
20162017,2016-11-23,WSH,NYI,3,1,38.838633606310594,51.05001934815778,48.279052650131796,50.40339784621502,53.6760438315259,39.28627884018235,40.0,45.94501741334201,56.746542990670186,58.19719913486789,1
20162017,2016-11-24,TBL,VGK,6,1,35.937038170552064,65.0,40.523391156417986,50.07639845317166,51.20929462367148,52.40471607605707,40.0,60.0,40.70262648827845,56.49307886000955,1
20162017,2016-11-28,TBL,SJS,5,0,44.87628080913858,50.087265393006184,42.75297610911294,53.33906177494397,48.98135636245803,66.39138151902957,40.0,46.07853885370557,49.56684463636755,59.33682208822044,1
20162017,2016-12-06,MIN,BUF,4,1,49.39626511974353,61.44359773632847,43.04710040374945,62.006960022397905,60.02702885553755,46.359821640959744,44.65663860776918,55.79923796269563,46.316854763163185,65.0,1
20162017,2016-12-13,CAR,PIT,1,0,49.748191929311595,60.31723805424656,51.35571975512306,55.35185353455943,40.74275856241049,70.06440677226583,45.173372736380436,55.285514248821904,52.20641385384813,55.033972774564916,0
20162017,2016-12-20,EDM,TBL,4,0,52.26998481775176,50.47982756305525,43.380645602590974,50.4584296375223,48.32626802376859,45.63888142962417,46.34298633597659,44.93184480674973,46.53734874201891,60.76441083406667,1
20162017,2016-12-27,EDM,PIT,2,0,45.92917483275861,65.0,52.48388887632714,65.0,53.411824809516986,68.41128370712941,40.636257349482754,60.0,53.66822741041515,65.0,1
20162017,2016-12-30,TBL,COL,6,1,53.854486381882246,56.25536700506412,50.70379086296817,38.512100812335014,59.739837046926624,42.97042244784114,47.969037743694024,50.32983030455771,56.71899327726762,39.91712357363618,1
20162017,2017-01-04,UTA,STL,3,0,49.80282274792029,50.15683181543834,46.15442700535055,62.61843580458327,28.866096784941085,58.43020276231255,44.02254047312826,46.1411486338945,48.042900148675315,64.22302789406436,1
20162017,2017-01-11,VGK,CGY,8,2,58.910832774837814,58.62385058328232,54.183709308158555,54.86285747993479,46.49937085979036,59.61354765114001,54.019749497354034,52.66146552495409,62.03857687949265,57.86891453109873,1
20162017,2017-01-23,COL,WPG,4,0,51.36662350744008,38.25399487617132,41.94680631638167,46.30170624905513,51.218455506466626,53.148807329358235,45.92996115669607,40.0,48.107491738486026,51.42083351932007,1
20162017,2017-01-26,CBJ,UTA,7,0,43.58339527290529,37.777698778183314,52.61780293206018,39.95673251004314,57.87302035103204,54.585930739681494,40.0,40.0,53.76460946124772,49.684955915277094,1
20162017,2017-02-01,TBL,TOR,5,0,53.36478173350874,51.778599266513346,37.03607365899074,51.72037636582853,45.17873723204795,51.25665316317482,47.528303560157866,47.70073933986201,38.448208854519905,59.460117547471384,1
20162017,2017-02-13,VAN,COL,5,1,43.72271795506696,38.423165703468655,46.63129398134387,38.380151852256326,60.65090604859805,60.22353561509324,40.0,40.0,48.36518147158682,42.58737141710031,1
20162017,2017-02-14,SJS,LAK,2,2,50.75142180797815,40.33131656964584,52.557336024448354,42.450203621711765,67.96640251547582,28.639032600029168,46.676279627180335,40.0,51.81318597444686,52.226005613606276,1
20162017,2017-02-27,VGK,NJD,4,0,65.0,39.863904020558444,65.0,43.81275667989276,74.54575208287427,46.83042762741961,60.0,40.0,65.0,44.77859051105328,1
20162017,2017-03-01,STL,UTA,7,0,65.0,39.38561540431082,52.050319281329486,50.65849725139344,60.41563392620303,51.82518959619664,59.66209508539476,40.0,56.344256765373,58.49644079562916,1
20162017,2017-03-14,WSH,CAR,4,1,41.6871007704827,58.07399559258102,35.0,63.40514219452114,54.16991983154033,52.1298398444461,40.0,52.66659603332292,35.0,65.0,1
20162017,2017-03-20,DET,TBL,1,1,35.145464163594305,48.45405988417796,38.195757184181986,50.933627943827446,35.701365958873104,37.51403696377497,40.0,43.10865389576016,46.529473244508736,57.775731734280185,0
20162017,2017-03-22,EDM,CBJ,2,1,40.059170069047134,51.09054771147739,45.4258489809922,44.36706400619917,38.02149897006308,61.512795274523214,40.0,46.281492940329656,52.99542438499423,46.36135365274615,1
20162017,2017-03-27,NYR,SJS,5,0,53.02205391248657,65.0,60.80723563996744,50.22961319498756,45.757617177736556,58.50349579424433,47.819848521237915,60.0,65.0,59.02361684500205,1
20162017,2017-04-05,SJS,CHI,6,0,53.44221205645555,56.915949553108895,65.0,52.160444233365176,47.05002314536813,40.76285759698707,49.09799085081,51.52435459779801,65.0,57.610278817968776,1
20162017,2017-04-06,NYR,TOR,8,1,49.98169490021893,51.133642584477755,53.24516301523689,65.0,42.39255026054425,64.75614308591327,45.08352541019704,47.12027832602998,62.86025027643245,65.0,1
20172018,2017-10-06,STL,VAN,4,0,65.0,60.92524573049754,65.0,45.583439024283244,61.38179182785328,52.40627897628134,60.0,54.93272115744779,65.0,51.74853818053482,1
20172018,2017-10-09,EDM,NSH,5,1,52.22336570360158,61.9419154037344,41.09721661492296,61.896064293555796,41.74314591275159,56.16601175475658,46.40102913324142,56.74772386336096,42.960382090240785,65.0,1
20172018,2017-10-12,EDM,TBL,5,1,40.67213578058086,36.70015829613611,51.30386694795622,51.74746690010211,56.45771554753469,43.34018399497432,40.0,40.0,60.63249199666461,61.05944279193458,1
20172018,2017-10-13,PIT,CHI,2,2,52.12352154694878,59.28881456151009,60.8219145876633,52.19342106751985,73.81331886575282,58.65521143573014,48.011169392253905,53.75993310535908,61.85803822750769,54.61512915412413,1
20172018,2017-10-16,CBJ,ANA,6,0,50.19613750644938,45.137719503422204,48.99913892795242,45.07578317472872,54.45016979129169,57.856667937182436,45.576523755804445,40.423947553079984,53.8545909695444,52.67628997539845,1
20172018,2017-10-19,PIT,CBJ,2,0,64.53881565993674,52.784212024994346,65.0,56.21093510030849,71.76292838048417,43.810962183592295,59.18493409394307,47.905790822494914,65.0,63.16848278508842,1
20172018,2017-10-25,ANA,WPG,1,0,38.38257932874574,43.085426544344315,41.314963539304415,38.10690968962666,59.72566604949441,37.67083914244511,40.0,40.0,43.06182831025168,42.509846366391386,0
20172018,2017-10-26,UTA,SEA,5,0,45.326009718514484,46.81810007676162,44.13756886344191,49.92859614072215,40.473253105699655,52.06438288545488,40.09340874666304,41.736290069085456,48.54076908408756,52.03839483184887,1
20172018,2017-10-27,TBL,NSH,4,1,40.12504227672305,60.15610127917558,43.83718746376052,58.38543322332044,57.87024332856336,45.54372123137189,40.0,55.140491151258026,45.66407004412628,65.0,1
20172018,2017-11-08,BOS,DET,4,0,55.65119753544695,49.070753189252066,47.3261951228034,51.03548057092458,35.27099181929363,34.10418227492787,49.88607778190225,43.46367787032686,51.13707553425306,52.508764748269755,1
20172018,2017-11-16,PIT,MIN,1,2,58.450665475191016,57.45475504477609,52.37427355447922,56.13458969443216,57.0872259828032,59.26296965687463,53.705598927671915,52.009279540298486,56.154086107319394,56.53168548264395,0
20172018,2017-11-17,COL,DET,9,0,49.67427175462728,43.360161328092495,53.63919954315918,35.8064903638703,55.55240977187521,48.13472420139066,44.50684457916455,40.0,62.233140217053474,41.29187725077704,1
20172018,2017-11-22,COL,DAL,7,0,44.27653616448831,54.15677027767068,42.83001255985667,46.14119293477437,39.44737911109188,36.63761142445969,40.0,48.341093249903615,46.56152224452321,46.92502892206055,1
20172018,2017-11-23,UTA,PHI,3,0,46.89281917787456,65.0,37.37431225995854,65.0,45.859097977824675,70.3407572943396,41.5035372600871,59.91544100628963,39.458093755207976,65.0,1
20172018,2017-11-24,PHI,BUF,10,0,65.0,54.57969863681781,64.60079756959965,50.0213030409989,72.7436118275331,56.42603120028018,60.0,49.72172877313603,65.0,56.7857221703843,1
20172018,2017-12-06,UTA,NJD,3,1,39.243927364352075,47.12317004238108,35.0,39.17911980136305,28.51449345745594,31.979337328028592,40.0,41.71085303814298,41.51237710232901,43.91338896045013,1
20172018,2017-12-08,STL,OTT,7,1,62.38968968344508,59.37054117436371,65.0,59.66145306999026,57.37382975126941,56.07855681977371,57.25072071510057,54.133487056927336,65.0,64.3581920002935,1
20172018,2017-12-11,TOR,WSH,3,0,65.0,51.205171733990625,53.39601309229258,43.276549306415916,63.64063129340259,36.12499677504729,60.0,45.58465456059157,60.01355789911557,43.527627024781346,1
20172018,2017-12-26,EDM,COL,6,0,35.89816882534692,42.61589307853063,45.88165561139425,56.313444645233,50.07920617574686,51.48943476698689,40.0,40.0,46.735097254642234,59.60764929786162,1
20172018,2017-12-27,NSH,MTL,4,0,62.06079110106567,35.55873849023566,62.37983129397176,39.95014164850362,73.22319899068503,41.06180938527207,56.8547119909591,40.0,65.0,43.60477170083003,1
20172018,2017-12-28,SEA,DET,1,1,37.49642410389946,36.32043647285722,44.76913430501156,35.28863037224717,46.896437832655785,28.261184411876307,40.0,40.0,54.49908605838558,36.073207778164914,0
20172018,2018-01-03,CAR,WSH,3,0,60.53606664279776,36.971658540448246,46.529599109986265,51.586284682515185,69.60187304502546,51.20026601033099,54.98245997851799,40.0,48.396218656375005,58.41710120954571,1
20172018,2018-01-11,BOS,DET,1,0,41.81451975181789,46.284034261435714,44.9412473699879,36.98491908816628,49.417125612619294,29.348843247746537,40.0,40.95563083529214,54.55310091677919,37.64697581012802,0
20172018,2018-01-19,NJD,NYR,6,1,35.4646515143265,60.065960287514216,46.97061250418274,59.79767452946973,40.4843610292182,61.53568916965089,40.0,54.259364258762794,52.506181100366994,65.0,1
20172018,2018-02-02,DET,BUF,4,0,50.879704100939215,52.75298603998469,39.749606513497966,65.0,49.88391309494991,41.757120375447926,45.091733690845295,48.07768743598622,45.15679910934368,65.0,1
20172018,2018-02-05,CAR,ANA,0,1,56.086749486806895,56.97005886436389,48.99010629859217,56.8933146434219,48.81847303050692,51.29824675788155,50.97807453812621,51.0730529779275,50.75996401362479,65.0,0
20172018,2018-02-20,NSH,COL,7,2,54.53482368813889,40.46801630411193,63.400650756151336,50.5264470331239,59.0499055780144,41.35412186782657,50.081341319325006,40.0,65.0,59.3089116897422,1
20172018,2018-02-21,NYR,EDM,2,0,53.3692979701588,51.12986805525147,55.03031366657785,50.7013189091004,43.32344348064065,56.82065541758892,48.232368173142916,45.41688124972632,60.897907091490204,55.030308895579246,1
20172018,2018-02-22,PHI,NYR,6,0,57.875518123487815,55.067669969573615,52.82998334366159,45.84619792067255,66.11284102473327,45.86963624837456,53.28796631113904,49.76090297261626,57.885905881562444,51.42697698218904,1
20172018,2018-02-26,MIN,COL,4,1,49.263264036595544,48.82005797855325,59.990684309758024,57.696914879341875,40.6696914456904,61.16989266257933,44.63693763293599,43.73805218069793,65.0,63.19474350938524,1
20172018,2018-02-27,PIT,DET,5,0,65.0,38.88533473274229,63.95032929686727,35.2959385450256,54.1912185798342,56.24598730853323,60.0,40.0,65.0,42.36759414318083,1
20172018,2018-02-28,PIT,TBL,5,0,65.0,52.44989298580454,65.0,39.46686105950562,64.11390975787288,45.574522867378946,60.0,46.80490368722408,65.0,39.9827825207101,1
20172018,2018-03-01,SJS,CAR,2,0,62.62834211164041,58.99379818117417,53.11706471755818,53.21714183680993,72.19058182089148,56.81739427003146,57.46550790047637,53.594418363056754,57.560201396285656,62.46544779015723,1
20172018,2018-03-02,CGY,VGK,4,1,44.525505016332,63.33888054769004,57.91395926398745,65.0,58.5050024253577,52.691861846282706,40.0729545146988,58.104992492921035,65.0,65.0,1
20172018,2018-03-05,WPG,OTT,3,0,36.545000239016304,58.488735117444115,46.47172970442906,49.75770538712021,37.547796180811886,62.66287622434096,40.0,53.3398616056997,56.41322033266828,58.01091159092949,1
20172018,2018-03-06,CGY,NYI,2,0,47.166693133433476,43.791977347196,58.25784889473151,52.52944875115508,51.97064516423018,58.856508355873316,42.45002382009013,40.0,60.910357626601346,60.497450103692415,1
20172018,2018-03-12,TOR,NYI,7,0,65.0,49.35333991633989,63.2437762212905,43.32716970328992,68.44259829331838,54.383875066095314,60.0,44.5180059247059,64.05265836907972,51.94470825576046,1
20172018,2018-03-19,MTL,WPG,8,1,36.63557734434724,44.383657518042426,36.13625410633611,39.36407311533036,52.81906449211738,57.37990647035422,40.0,40.0,35.869031684132295,44.27088555961375,1
20172018,2018-03-26,CBJ,WPG,2,0,54.80593063580615,54.30121465034445,60.89331818180449,41.02338535096803,51.93905119023044,56.32636975858429,49.725337572225534,48.47109318531,65.0,45.365929611158876,1
20172018,2018-03-27,NSH,CAR,5,0,56.48691615390111,61.4085364051804,54.67793862944407,53.81147056024615,51.32658683042364,43.97213840489364,51.838224538511,55.76768276466236,62.71764906298437,57.515140136045346,1
20172018,2018-03-28,VAN,MTL,3,0,49.39697395372635,35.610025282343685,50.93791037000098,44.30839935215485,63.508261446027475,41.26756829558677,44.55727655835372,40.0,58.694606182160555,52.41135001315797,1
20172018,2018-03-29,EDM,FLA,0,2,50.60301965995836,53.59785304492854,52.965030755801585,53.554381747016876,38.13807067322571,44.07790546557919,44.94271769396253,49.038067740435686,56.50669187127013,62.37898338502965,0
20172018,2018-04-03,DET,LAK,2,0,40.282255500209985,43.70735882363302,44.324300315052334,44.321432928963304,28.18772413079411,50.543588333780306,40.0,40.0,45.075587363362324,45.77322941809926,1
20172018,2018-04-05,COL,CBJ,5,0,39.79832489719404,49.74653433017804,41.864988304683365,49.59491935538142,34.51677563878617,48.959948827132955,40.0,45.171880897160236,47.516057331920976,55.78237403301679,1
20182019,2018-10-09,NYI,CBJ,4,0,53.54713109652291,44.93039811275966,48.69677263377764,59.52065397200408,42.125973976514565,45.344528232385095,47.89241798687062,40.4373583014837,56.894961987110875,63.84582891071676,1
20182019,2018-10-10,CBJ,PHI,7,1,53.127717187695346,65.0,50.703046673607005,48.60042664298144,37.460710556344125,56.33584759150479,47.81494546892581,60.0,51.12274380502759,52.70665955335654,1
20182019,2018-10-15,WPG,EDM,4,0,37.57876152146954,40.47201094305223,35.0,35.071682339927385,29.986395384263254,39.128501763175436,40.0,40.0,39.873759451495104,39.50117372574421,1
20182019,2018-10-16,EDM,MIN,5,1,35.0,54.316580784698196,35.0,39.108098473453396,51.687298549914765,34.04038812869691,40.0,48.78492270622838,41.778341851488825,41.899916018673245,1
20182019,2018-10-17,NYI,EDM,8,0,39.26881634207834,38.22749142825179,56.9381843717871,35.0,37.50357203450688,25.8353172273224,40.0,40.0,63.87342143653039,38.00782411585301,1
20182019,2018-10-18,CHI,STL,9,1,47.25507200798304,63.00412695367159,50.9339265659268,64.26018092134454,60.19461056610465,46.52062461002501,42.529564807184734,57.40371425830443,52.302176023921945,65.0,1
20182019,2018-10-19,CHI,WSH,4,1,40.84939818513066,35.0,53.69252388529932,35.0,62.081165313360685,50.40303446972792,40.0,40.0,62.43440634521435,42.020507762401266,1
20182019,2018-10-24,VGK,SJS,3,2,63.3055266218112,58.06223942116743,64.88808777297015,63.24516241980683,66.70819262394568,53.52127915173301,57.67497395963008,52.95601547905069,65.0,65.0,1
20182019,2018-10-25,NJD,BUF,4,1,46.82636412720598,48.366081893846946,38.2762849945536,51.780715506152404,33.60081949687176,62.786691907538106,41.04372771448538,43.72947370446225,42.96852620640296,57.68180076738861,1
20182019,2018-10-29,EDM,MIN,6,0,43.474034670843125,54.93017039447417,45.34997661181411,43.6508266324171,34.22589386471369,40.78099590365956,40.0,49.33715335502675,50.80551916681953,48.62641882860814,1
20182019,2018-10-30,DET,UTA,6,1,47.65089178704902,40.97190214809342,39.4642610994175,42.05899316275685,32.15359548240387,28.617585293487153,41.78580260834412,40.0,43.50235515446945,52.1352092444843,1
20182019,2018-11-26,MIN,MTL,5,0,40.22209335239265,47.820965200767546,48.9860589202865,46.453101443521106,37.190118920446814,37.562597904340976,40.0,41.938868680690796,50.12606450541148,57.05646479637528,1
20182019,2018-11-27,DET,EDM,1,0,35.0,35.94723062616944,39.50516837563167,35.0,27.33626242014656,45.268639287947295,40.0,40.0,48.237378166459884,35.0,0
20182019,2018-11-28,COL,VGK,5,0,39.08522462889729,58.855418817403695,39.90935849253518,49.967206745790335,44.89911023064262,47.16258097357879,40.0,53.669876935663325,46.28421319681883,58.05161991829851,1
20182019,2018-12-06,VAN,ANA,6,0,43.46199403332675,46.06668392424069,56.75499078198377,50.0336858638261,41.7705440619186,43.08555996036901,40.0,40.86001553181662,61.67185032800844,54.863614788098296,1
20182019,2018-12-12,FLA,SJS,2,1,46.54192480436878,65.0,47.78567291832019,63.707450605684926,52.779943224016286,47.906636153270505,42.287732323931905,59.299699082720224,54.68552720558792,65.0,1
20182019,2018-12-14,TOR,NJD,4,0,65.0,38.566709633411115,51.292568565173376,35.0,55.453748186041636,48.588286591974,59.59326384767927,40.0,50.76513448036073,36.71100202284782,1
20182019,2018-12-18,BUF,CHI,4,2,49.702052056460595,45.412399893871935,59.09611557598523,43.88325738092165,65.57245917989931,49.23304680862205,44.93184685081454,40.87115990448474,65.0,43.34492462737562,1
20182019,2019-01-04,SJS,EDM,4,1,60.814526302265264,35.0,61.57572444513152,35.71801067542405,43.40918973294419,45.17169438396114,55.43307367203874,40.0,65.0,36.98853768701122,1
20182019,2019-01-10,LAK,MIN,7,1,35.0,50.75394036575092,35.0,41.247289638979716,42.525873451869344,43.95959414298108,40.0,45.57854632917583,35.0,48.28834418341016,1
20182019,2019-01-11,NYR,NYI,4,1,54.20936434430932,47.43768656315886,43.45301294624969,38.359465996388074,54.94686358683401,37.43676683149128,48.58842790987839,42.39391790684298,46.71951639329165,47.067382231219234,1
20182019,2019-01-15,SJS,SEA,3,0,58.43578631871961,39.087543659722705,55.68104352161913,38.056597779574844,45.827105237141126,48.926388699666234,53.29220768684765,40.0,59.639999360129806,44.66951277037497,1
20182019,2019-01-16,SEA,NYR,2,1,48.54997483271347,51.98678932505286,37.09081085843322,44.611220046125815,41.190825100290624,55.3421018348763,42.89497734944212,46.58811039254758,37.03304467681967,48.39637265541706,1
20182019,2019-01-18,TBL,NYI,3,1,40.310281261241315,43.37379207981047,50.160301787499485,39.09351941071067,34.277347982214756,35.85789457881658,40.0,40.0,51.889419991696144,44.041377331532004,1
20182019,2019-01-22,BOS,TBL,4,1,40.32155367686528,37.91495125190041,46.539368690574335,37.11487403096601,53.251846469120686,36.82262876200344,40.0,40.0,52.9097697535317,38.272566566427656,1
20182019,2019-01-29,VAN,DAL,3,1,49.09678858725162,37.87069584917321,44.749025918450776,37.31995386185316,57.90439684738439,36.98342606882387,43.88710972852646,40.0,47.611951263792015,42.42599889118035,1
20182019,2019-01-30,BUF,NSH,2,1,48.394863908153894,64.06447254689414,43.14234326740886,46.49235967682477,41.12889203195084,47.28367308528533,43.75537751733851,58.25802529220473,42.265871762849365,49.70422345138632,1
20182019,2019-02-01,VAN,MIN,3,0,44.47894268958135,45.57116299771597,54.725764329114355,40.08932094733675,36.54113513789825,39.473741219574705,40.0,40.91404669794438,57.0172024853921,48.85034942752779,1
20182019,2019-02-06,VGK,MTL,5,0,65.0,35.47461651220847,63.24155222017359,44.303876675087835,66.75634113778894,28.294840734335793,59.58724105433352,40.0,65.0,51.41142581535616,1
20182019,2019-02-13,CGY,STL,0,0,37.950153849277505,60.38713968481497,53.066584331175754,51.62559856631911,40.84480217060823,49.30713377593896,40.0,55.048425716333476,54.31096588091317,54.14863008523874,0
20182019,2019-02-14,PIT,STL,6,0,51.71245702383297,62.664309093133575,65.0,63.06489809329612,68.13754882195957,71.5968934234323,47.241211321449676,57.09787818382022,65.0,65.0,1
20182019,2019-03-08,UTA,SEA,6,0,35.0,35.0,41.240170599189106,38.99592123615184,33.189029906626125,52.874895222047556,40.0,40.0,44.72526618423375,41.026241478675374,1
20182019,2019-03-11,MIN,TBL,8,0,42.4319273413038,35.0,42.34919489035977,40.31722678815895,47.877806413154595,28.893897276238995,40.0,40.0,42.01679409108934,44.116500031530144,1
20182019,2019-03-12,CAR,PIT,3,2,54.215970593818206,52.19206567416957,55.92725768626483,47.032875142249,45.34715218746687,53.29244887562082,48.89437353443638,47.67285910675261,64.87651867766473,51.743777466064635,1
20182019,2019-03-15,ANA,STL,3,0,40.154056267796875,61.22001923899622,38.84349300694941,51.68998955348187,31.19010778698882,64.48137050172468,40.0,55.7980173150966,45.76812811112112,60.337397339765594,1
20182019,2019-03-26,BOS,TOR,5,1,35.0,53.58890614637805,50.16135634232045,63.650002887605865,38.62173573379873,69.59507579925707,40.0,49.03001553174025,56.40178571773171,65.0,1
20182019,2019-03-29,WSH,MTL,8,0,35.0,36.26545592797799,39.5631034606024,37.7729500049211,27.842753877794983,53.324887746266796,40.0,40.0,41.65865968462854,45.72890146225302,1
20182019,2019-04-02,NYI,VGK,3,2,37.85479212123903,56.53052941664475,54.29304709205491,61.75760830337485,35.55981843423616,46.17006615597233,40.0,51.57747647498027,56.741116922619646,65.0,1
20192020,2019-10-08,NSH,CBJ,6,1,60.5964252943457,40.364448241449196,57.09450696996886,46.02995221129753,51.336122016355624,56.79385613889169,54.93678276491113,40.0,64.03758300711257,48.03803530379376,1
20192020,2019-11-08,ANA,EDM,4,0,51.354856496674316,39.73023562074897,45.155307665452,38.52165036834806,43.93186141016969,45.77932565450615,45.41937084700689,40.0,54.800404687279475,45.70047159504831,1
20192020,2019-11-11,TBL,ANA,4,0,47.073090978822236,36.042987984505416,44.5057416870911,42.909806809896715,35.81182120162334,33.211712501490986,41.36578188094001,40.0,45.8270279115733,48.440518603736066,1
20192020,2019-11-14,NYI,SEA,3,0,40.64735838085313,36.02926118917601,36.61907472231376,41.987459857439724,56.29841481047675,31.037913644034177,40.0,40.0,43.06968023942855,51.088572061141406,1
20192020,2019-11-18,SJS,NYR,9,0,46.74218578922868,48.484814739950366,54.74768883344086,52.58770300284749,60.74248172539456,36.710109252851424,42.56796721030581,43.23633326595533,57.339968718129775,62.41867922138088,1
20192020,2019-11-21,PIT,NJD,1,0,52.749329276435134,36.60588517582711,56.668430380368704,40.234076909626936,53.9261184685638,28.57378194012403,47.97439634879162,40.0,63.02731659132713,41.685916472425845,0
20192020,2019-11-28,TBL,FLA,5,1,40.71269001175149,52.21941486090124,42.36581597509576,50.57528582229367,45.42017119677211,38.61345892532134,40.0,47.19747337481112,49.269712871181234,50.65367285753484,1
20192020,2019-12-06,NYI,FLA,5,0,51.84213724967023,53.10994560339263,47.28266352375036,53.67838578522271,39.77473752058346,43.20980803735175,46.15792352470321,47.99895104305337,49.42829205002806,62.36028184265973,1
20192020,2019-12-09,TBL,PHI,5,0,44.96032153398805,60.7748701923186,46.73061781521807,52.1253577400923,46.13005947871541,48.95243853015718,40.0,55.29738317308674,56.68964841204626,58.69981801711243,1
20192020,2019-12-10,BOS,EDM,3,1,46.23555889981899,35.0,49.96710550335331,42.42264714713647,44.48058439663748,28.513539953237036,40.81200300983709,40.0,52.00488973082642,46.14876685801618,1
20192020,2019-12-11,CAR,VGK,5,0,46.711071288026275,61.10233702632355,49.13371581708006,47.736903331727135,59.68003224679458,42.09158277501189,41.93996415922365,55.4921033236912,56.64662421681214,55.94464095577972,1
20192020,2019-12-13,NYR,DET,2,0,49.455119724938484,36.15150664500864,42.74533792108453,36.50771710710965,36.38799344320288,45.49000694041606,44.10960775244464,40.0,45.2333779317314,43.96002111213574,1
20192020,2019-12-27,MTL,ANA,7,0,35.0,45.07573502248923,39.33425415293552,39.00397362046438,47.82396810746485,45.51658748983374,40.0,40.0,43.02964843503236,47.55245045281733,1
20192020,2019-12-30,TOR,PIT,7,0,49.39518402785653,48.43825115454209,47.91281392047432,55.94649368678972,53.57408523326165,44.93797821098724,45.05566562507088,44.09442603908788,48.237091356504436,56.67994072977773,1
20192020,2020-01-03,VGK,UTA,3,0,61.04076540565737,41.384688380882935,48.21187390086617,35.0,56.120214905295434,31.4864536768999,55.43668886509163,40.0,49.45261568091005,40.4238185503057,1
20192020,2020-01-06,FLA,TOR,3,0,60.88417676692215,54.85658740768648,61.91021936031733,62.94538819925448,50.50830431324772,47.1801703565612,54.99575909022994,49.970928666917835,65.0,65.0,1
20192020,2020-01-08,DAL,LAK,6,0,38.06062622565473,46.53931092253245,42.691129354830494,35.0,43.63558966582249,35.358220742941135,40.0,40.58537983027921,44.16770864928034,35.0,1
20192020,2020-01-13,DET,LAK,5,0,46.09107684835,35.102971073568135,45.37043205541036,35.0,25.0,40.866186909645265,40.181969163515,40.0,49.59560547699988,37.662127229093166,1
20192020,2020-01-14,NJD,FLA,3,0,35.0,44.36476784944281,35.0,61.07890424987552,33.08062390268297,62.96713660284294,40.0,40.128291064498534,39.00079324828658,65.0,1
20192020,2020-01-15,NSH,STL,9,0,46.62117261608581,51.21430656622895,59.947887158155574,55.28979204624078,54.23846075719224,65.70506049169529,42.35905535447723,46.59287590960606,65.0,59.9875522420959,1
20192020,2020-01-16,CAR,WSH,5,0,56.480273426174314,45.45405843434413,43.41425171888837,35.22763879785169,38.75344111569718,36.05090678279329,50.73224608355688,40.0,43.477727806034125,39.877904593732985,1
20192020,2020-01-17,TOR,BOS,4,0,62.410892954919746,35.0,46.1428416353649,41.00472573345235,54.70191778657521,34.642461220101566,56.76980365942777,40.0,48.449431952315344,44.42404665026765,1
20192020,2020-01-20,VGK,WSH,6,1,53.288167954369904,40.238705070393266,63.716522668056456,35.0,53.71178977797329,42.285176730149495,48.45935115893291,40.0,65.0,36.1468802622704,1
20192020,2020-01-23,PHI,NYI,1,0,52.48657758273933,46.752539732302175,65.0,51.41183578648296,65.70936784259273,41.76801124570641,47.837919824465395,41.577285759071955,65.0,56.52853791619188,0
20192020,2020-01-30,NSH,SEA,7,0,59.88364690634367,41.40363263509388,56.50432250062876,42.20392017971669,67.12919339873706,53.271143184052434,54.29528221570931,40.0,63.551802536459974,50.30632149635542,1
20192020,2020-01-31,VGK,FLA,0,1,61.90024474311552,47.9084407262753,46.18100288916544,43.81118935201841,48.149925740909666,57.040097522290424,56.21022026880397,43.317596653647776,46.336666613440556,44.325576450646004,0
20192020,2020-02-03,UTA,SEA,3,1,35.0,44.10980049346233,37.27733051426543,35.0,45.89934607045414,47.517953702323794,40.0,40.0,40.68487907039034,35.485064115709946,1
20192020,2020-02-05,COL,SJS,6,0,50.516547488870344,50.24970015801182,45.19986900270634,56.62430954978767,38.663052385847905,61.54503842681541,44.66489273998331,45.72473014221064,46.833979731529666,58.03095937328538,1
20192020,2020-02-06,VAN,CGY,5,1,37.12823525805689,35.0,51.435048339707805,52.9704065502783,34.16906975659874,50.334802625832985,40.0,40.0,59.55152874927716,53.93541269116725,1
20192020,2020-02-10,NYI,CGY,2,0,54.72974803143459,50.29587335047317,40.56535321637539,42.34783248012201,41.862548107271344,38.29006611203877,48.75677322829113,44.666286015425854,46.9937885026997,51.560873727984884,1
20192020,2020-02-12,SEA,NSH,4,0,35.42284506761176,54.18270825843199,45.20656442808276,46.786389647560924,46.672341533906334,64.9868109173603,40.0,49.16443743258879,45.80113988533397,54.780887440941086,1
20192020,2020-02-14,CGY,NYI,6,0,37.657290535097445,50.55434978145101,38.648080924288266,39.51679264446784,48.068959959201194,35.280742651234014,40.0,44.99891480330591,48.04232367454617,47.63080061159133,1
20192020,2020-02-24,SEA,CBJ,2,0,40.36559441377422,52.28919367771563,44.444321973472924,46.89255315827809,30.22470077186189,33.81243401010153,40.0,46.86027430994407,50.35756590869455,51.27449005876227,1
20192020,2020-02-26,LAK,EDM,4,1,35.0,45.994861568177434,35.0,40.568139152819796,40.63318974730609,36.15947055307954,40.0,40.19537541135969,35.70872524690835,41.212522423643605,1
20192020,2020-02-27,MTL,DET,4,1,35.64021117860725,38.700703374373234,46.9809899620729,36.77084932880514,28.609821803127474,37.72588813189922,40.0,40.0,49.011255447070184,43.417288437257824,1
20192020,2020-03-03,CBJ,SEA,5,0,54.42284849440695,41.4434392356754,57.38981798812357,48.64696283267422,46.61778409265388,50.74620372931089,48.78056364496626,40.0,63.39879598836941,51.21767036215808,1
20192020,2020-03-05,CAR,FLA,7,0,52.61906582807153,47.10186865664759,56.58648926725121,57.357527272674226,49.426810337979326,59.55383762101769,47.257159245264376,42.59168179098283,62.737048989112665,63.77693689211822,1
20202021,2021-01-19,CBJ,WPG,4,0,52.33871970407813,45.314718528215906,41.050583964556026,50.45587403312888,34.35753948934726,55.49194098844461,47.00484773367032,40.0,41.652566087041016,56.341252927843655,1
20202021,2021-01-22,PIT,WSH,5,0,46.49968164563699,42.6376031849377,60.41450224053358,40.541003129851276,56.42070109629529,42.47601332322208,42.44971348107329,40.0,65.0,47.432985451735156,1
20202021,2021-01-25,WPG,MIN,7,0,50.966375131419134,57.331178371102865,41.82725276792264,46.814780821685275,34.52175167121287,40.81209326363725,44.96973761827722,51.39806053399258,51.85772759045396,55.08025528477571,1
20202021,2021-02-02,NYI,SEA,4,0,52.183896073134825,36.99876979596127,49.4566337984086,35.0,45.91687585059987,38.959681143903225,46.56550646582134,40.0,59.30536731561128,35.0,1
20202021,2021-02-03,DET,BUF,3,2,47.52172048399143,46.06758797658669,35.0,58.9015311832369,29.243181037891183,53.217874083689466,41.56954843559229,41.56082917892802,39.42742263167018,63.19946053166372,1
20202021,2021-02-08,NSH,TOR,4,0,48.933344647806145,51.461726690579496,63.94599998840134,57.913373299372694,46.16864463098023,62.519253897454234,44.54001018302553,47.015554021521545,65.0,59.90698993751134,1
20202021,2021-02-09,NYR,SJS,1,0,46.047335184131406,47.73565908129981,51.672856807288966,50.73698941193093,57.200564957620955,45.94802080558193,41.14260166571827,43.56209317316983,57.589965269018045,51.456838985015274,0
20202021,2021-02-10,TBL,PHI,3,2,39.61967457696406,53.83497684651854,41.21040522597689,50.66847286995912,30.217757545200968,42.205222444450904,40.0,49.15147916186669,45.47927916381645,54.705498822172444,1
20202021,2021-02-12,FLA,BUF,0,0,54.46863650711322,60.05668778341169,44.96689843180426,45.78664573094717,51.478236408699495,54.72340260136963,49.3217728564019,54.15101900507052,53.56856026011479,50.006072945120465,0
20202021,2021-02-19,NYI,TBL,0,1,37.91118207916671,48.37105661571675,53.96292889640202,35.0,59.06274473345603,27.385894496048863,40.0,42.63395095414508,64.5572571398516,39.623106803443704,0
20202021,2021-02-24,COL,LAK,2,0,48.40042456911657,35.0,45.603501697740825,42.687000706705916,57.65471453460414,38.65200256559737,42.86038211220492,40.0,49.306932200714506,45.287740091267864,1
20202021,2021-03-02,SJS,DAL,4,0,46.37062467188667,46.73011427056244,48.87242756137633,35.874164238086856,60.73848457344878,35.1768443978456,42.333562204698,41.157102843506195,55.43444109747893,40.19292711755054,1
20202021,2021-03-03,BUF,TOR,3,0,53.69859460235487,64.82043365934423,58.178646986494556,63.27217626734712,46.34309300699623,63.44858470655332,48.428735142119386,59.03839029340981,62.79946715727173,65.0,1
20202021,2021-03-05,VGK,COL,5,1,63.63951110281215,46.28678733211365,65.0,39.867555791491455,46.77039089461745,28.572975980611773,57.87555999253094,40.958108598902285,65.0,46.45222384376927,1
20202021,2021-03-10,COL,CBJ,4,0,41.80360657394387,53.77860910698944,35.0,39.583397845814865,45.34655143669869,50.2371464330149,40.0,48.3007481962905,39.501095405531494,39.170811963103,1
20202021,2021-03-15,NYI,UTA,5,0,50.38601218050227,35.0,48.374939649152125,44.63449262610179,33.45039294599062,36.89598308926762,44.94741096245205,40.0,50.78968260205637,50.166224008124345,1
20202021,2021-03-16,OTT,BOS,7,0,59.062563438204734,40.64107765022114,60.67160912013379,35.0,64.97806622510932,53.65496034914418,53.35630709438426,40.0,62.79107028843464,36.20859033252828,1
20202021,2021-03-17,DAL,BOS,4,0,35.0,52.91987298201399,39.137968627812555,49.010722102534956,32.620972243560054,53.36926274873264,40.0,46.92788568381259,44.284849115181224,55.96444418637926,1
20202021,2021-03-26,PHI,BUF,5,0,59.66170252992477,43.31520092492649,64.98047965298969,57.88371791648163,60.712311782627864,40.179070161237426,54.39553227693229,40.0,65.0,63.77440931317005,1
20202021,2021-03-30,PHI,EDM,1,0,50.657861061373374,35.0,58.34886416046459,36.99316004171507,53.31023135876234,53.48580353566261,46.29207495523604,40.0,65.0,42.15717995777131,0
20202021,2021-04-09,STL,TOR,8,0,55.705812681234306,64.4478912670963,48.987632724528645,59.262324781384834,60.44770862233466,46.71611650670863,50.735231413110874,58.70310214038667,50.010259618033174,65.0,1
20202021,2021-04-13,FLA,MIN,5,1,60.06569597134404,43.253909540038705,60.12307243989321,55.49532125107987,40.97712994759043,36.86707755220497,54.35912637420964,40.0,61.74258851136084,63.444821402462324,1
20202021,2021-04-16,NJD,BUF,7,0,35.0,51.12279705389289,42.006957777331394,57.292501120518345,45.76604403253849,64.08489124652989,40.0,46.1105173485036,43.46561875779253,63.056929899987885,1
20202021,2021-04-21,BUF,STL,6,0,50.729655314648454,64.98562343511968,47.68091096839919,52.10199373639053,39.20462978891972,46.06577868101106,45.75668978318361,59.08706109160771,49.73745366927518,56.31892102657952,1
20202021,2021-04-22,SEA,UTA,2,1,46.19040297433888,36.37865955967892,35.11976368376946,43.517301304055735,47.27888381422304,33.16198867323294,40.67136267690499,40.0,35.0,49.70640244891531,1
20202021,2021-04-28,NSH,MIN,4,0,54.86060250317605,57.52979322295774,46.63876878076292,45.52518658660844,45.87940554105286,60.698580630418064,49.87454225285844,51.57681390066197,55.24030948095936,50.72595200200361,1
20202021,2021-04-29,WPG,EDM,0,0,47.045473942949556,35.0,46.73446029467082,35.0,41.29178225864539,35.279136657874176,41.4409265486546,40.0,50.3085771531923,41.82594522442514,0
20202021,2021-05-10,VAN,EDM,1,1,51.663200580558055,41.50183105373057,39.362361951954504,47.923737879825225,46.367816916287815,41.39314325287439,46.09688052250225,40.0,43.572346226362406,54.218284335593935,0
20202021,2021-05-11,PIT,PHI,2,1,49.09572069692224,52.09327531779924,52.023511739947175,56.77901852876904,48.46930697484095,54.222236440640565,44.78614862723002,47.583947786019316,55.348933899672375,65.0,1
20202021,2021-05-14,LAK,BOS,6,0,35.0,52.40233772836864,39.869928316437026,35.0,29.303533278206437,52.08092216008065,40.0,46.46210395553178,41.22023841941335,40.36395142156193,1
20212022,2021-10-13,UTA,COL,3,2,39.06560108084501,35.0,35.0,48.957131345073215,47.60120157637711,32.756717909207374,40.0,40.0,39.35813053171975,53.2249693836434,1
20212022,2021-10-18,BOS,COL,4,1,44.14456656670846,42.56413194186088,35.0,35.0,36.001657257813974,54.57802505874753,40.0,40.0,35.0,39.47700308694826,1
20212022,2021-10-22,DET,OTT,1,0,39.81019042436637,54.94841107883329,40.138536902540274,53.402226670298916,38.20148605910012,36.58407314647109,40.0,49.35356997094996,42.320263944631044,58.48054758407257,0
20212022,2021-10-28,DET,OTT,4,0,42.03074343795851,49.01753211779199,35.0,58.628428498440506,49.24280244008585,36.921301873240125,40.0,44.01577890601279,35.87086422162467,62.62192896003558,1
20212022,2021-11-02,COL,MIN,6,1,41.25310845805485,46.37625472867746,45.24375022388164,52.35446305610185,46.408220987904144,42.963487104057876,40.0,41.23862925580971,47.8432402001186,62.7558170639452,1
20212022,2021-11-22,DAL,ANA,4,0,46.6682625404691,35.0,42.47069146662177,42.362059311233935,40.315600286699265,40.285266196726056,40.801436286422195,40.0,49.39496115749007,48.05576204015169,1
20212022,2021-11-26,CHI,STL,4,0,39.36473158216984,47.94925962466293,39.7986948732204,55.904752891066636,44.821365140448265,57.52915235655634,40.0,43.45433366219664,42.041362981661855,64.4403988781726,1
20212022,2021-11-29,SJS,CHI,4,1,61.415416992721504,54.900341884969876,62.368382610008155,49.4721966399339,54.21658026166773,32.94697838615228,55.573875293449355,49.01030769647289,65.0,54.47667208060227,1
20212022,2021-12-03,LAK,SEA,4,0,39.826174167015246,40.010695364128296,41.55220522698306,38.601046784247615,49.03593697854066,25.0,40.0,40.0,51.105789690564485,41.12771593112016,1
20212022,2021-12-09,VGK,TOR,3,0,49.59060827547994,61.64882382695163,51.81206228118349,48.07022216663773,63.70850389608165,65.20083353524313,44.93154744793195,55.88394144425647,58.53535926118671,48.07486712508535,1
20212022,2021-12-14,DET,NSH,10,0,35.0,61.767411334431415,43.308324029334074,51.305550625518464,42.85803127229291,38.747134924608254,40.0,55.79067020098828,49.190311989707546,53.85884890622017,1
20212022,2021-12-15,NJD,SJS,5,1,35.0,54.90553682208109,35.0,53.78387588254628,41.685176117006364,67.06444071733414,40.0,49.714983139872984,35.0,58.70439486427733,1
20212022,2021-12-16,BOS,NYI,7,0,35.30457045005349,49.229318783033634,43.72182307886973,35.0,53.46371493075755,44.14363030119439,40.0,43.60638690473027,46.774477260543094,35.0,1
20212022,2021-12-17,NYR,BUF,4,0,43.649861210553254,47.82660863824262,46.45150795665563,57.010071231782696,29.30140943164495,44.508271210654755,40.0,42.84394777441836,48.64506366887484,62.15479861549733,1
20212022,2021-12-20,WPG,DET,2,2,43.6094227676031,35.0,35.0,35.0,25.401902075868968,44.228776086889255,40.0,40.0,36.17038690880059,35.0,1
20212022,2021-12-21,LAK,WSH,6,0,39.543256194802765,35.0,44.61522348777703,42.850795352426736,25.0,27.607218893503543,40.0,40.0,47.83339166707529,44.102473185902475,1
20212022,2021-12-22,CGY,FLA,3,0,49.76544393023012,56.09933667763371,41.19883902587925,59.3465622270694,45.20919348822797,43.05796798743792,43.98889953720711,50.48940300987034,43.00372145642279,65.0,1
20212022,2021-12-24,NYI,DAL,4,0,47.26028583723482,47.103503209562646,40.325727724130445,35.0,29.58807806706455,32.70573841211114,41.83425725351134,41.193152888606384,47.607625894394,35.0,1
20212022,2021-12-27,MIN,STL,3,0,52.62516135526023,48.41367208603462,36.557579781825815,50.40982874119028,51.20410788631516,55.06764217534149,46.86264521973421,43.87230487743116,44.91371940109893,58.96790131169516,1
20212022,2021-12-28,TOR,STL,5,0,53.079176660957195,57.97998034809914,50.03324483262298,48.446307943621655,50.52057221894874,41.5250552063712,48.171258994861475,52.48198231328923,58.180564449142075,50.51092095442454,1
20212022,2022-01-05,CGY,ANA,6,0,35.0,40.0339833201285,46.569878676948804,44.50936336900325,32.9900921412194,28.39693669777376,40.0,40.0,50.73957574969763,49.02396375867819,1
20212022,2022-01-14,UTA,BOS,3,0,40.127121094872685,35.35336874388595,40.88269123464545,38.21197394476533,34.83791158291277,51.9579073170691,40.0,40.0,50.41843606642301,46.995738503957654,1
20212022,2022-01-18,CGY,WPG,1,0,35.0,35.0,37.92353531117997,42.92904257714228,44.16851443626004,49.80529914179954,40.0,40.0,41.93442592320861,50.98983906388048,0
20212022,2022-01-20,SEA,VAN,1,0,35.0,44.10591650656363,45.1748993705916,43.55159244850701,42.01349854241863,47.66307935321984,40.0,40.0,48.424400941350534,45.938627237573876,0
20212022,2022-01-25,TOR,DET,7,1,48.355616035351375,39.81766413443971,57.5407562976402,38.23720624430011,63.0963636973228,30.66589391456023,43.92005443181624,40.0,63.51360148981936,46.64951225906578,1
20212022,2022-01-26,PIT,NYI,3,0,59.47488923824599,41.7556295459924,60.14058056661156,37.614691804141074,50.45321530564798,36.73589364989873,53.827400314421396,40.0,61.74803764619139,44.79883655293025,1
20212022,2022-02-01,STL,DET,4,1,49.891931914539434,35.0,46.219688633747495,35.0,54.89493165361864,48.15342921231223,45.20273872308549,40.0,54.979398700570414,35.0,1
20212022,2022-02-02,PIT,DAL,4,1,54.74695582486056,35.0,46.48421350142782,46.3033427594911,66.88674902534113,36.95616299365013,49.572260242374504,40.0,47.58843262791677,47.765559828185374,1
20212022,2022-02-03,PHI,VAN,6,0,60.13371709527159,36.138345440744544,44.997291529883576,35.0,57.10212636660738,37.38139885424374,54.520345385744434,40.0,52.164802107935074,38.21193299086845,1
20212022,2022-02-08,LAK,ANA,6,0,38.767152498273155,35.0,35.0,35.0,27.639850592973403,27.96055683279762,40.0,40.0,39.697427700543386,38.05536816042222,1
20212022,2022-02-09,EDM,PHI,2,0,42.15072510795986,62.71498523049101,36.17367901368158,55.95226381864921,25.0,63.28282465388445,40.0,56.84348670744191,41.54575266096312,64.14901668443164,1
20212022,2022-02-10,ANA,PIT,7,0,35.79849525266057,61.703171447532426,47.05888406768587,50.26645144172448,36.62873875607378,49.70863725989409,40.0,55.83285430277918,50.99671497302823,51.05401438202602,1
20212022,2022-02-21,VAN,EDM,2,0,47.709567766664954,35.0,52.84149529182713,43.4566046830664,46.874405019109574,45.43695636340508,42.238610989998456,40.0,57.528575485423026,46.5414933591669,1
20212022,2022-02-28,NJD,BOS,3,0,35.0,35.0,35.0,35.0,41.1252666858407,41.069801851843366,40.0,40.0,35.0,39.19725485525324,1
20212022,2022-03-07,COL,EDM,3,0,46.030789214381514,43.1768316682852,40.58781242695067,38.577462888266105,39.44767420658088,43.885437070394374,40.42771029294337,40.0,47.45226208325289,46.48791441826229,1
20212022,2022-03-16,VGK,FLA,3,0,60.32046381361249,50.98857224577032,46.44337377105298,53.12358072445374,63.515349559312,46.46711960043474,54.58841743225124,45.88971502119329,54.56618425832393,56.253855271991775,1
20212022,2022-03-17,UTA,PHI,5,0,35.0,54.75367043510201,40.14378239363939,44.09424851044482,29.1694549050855,41.17168194792931,40.0,49.67830339159181,46.58798764267765,46.00735548634951,1
20212022,2022-03-23,VGK,EDM,1,0,53.17883562018572,43.413429364286415,49.380878597456146,35.0,67.069035862469,41.73905308005686,48.160952058167155,40.0,58.349742987863216,43.30854945185802,0
20212022,2022-03-28,VAN,WSH,2,2,40.58011666356399,37.17383881458752,40.0715024726455,41.422455122295325,31.97406862053564,32.58073360509204,40.0,40.0,46.50147924504157,45.121722750301885,1
20212022,2022-03-30,CAR,NYR,4,0,45.089821289038184,38.726854866564196,46.112512307104005,47.22700279753991,53.17277153110955,40.75994131667446,40.28083916013437,40.0,54.232165904862924,51.23673231733352,1
20212022,2022-03-31,TBL,BOS,2,1,42.182543829718746,35.0,35.0,47.883643172331425,25.0,31.84497741252717,40.0,40.0,36.488692386668575,56.0721854911467,1
20212022,2022-04-01,NYR,DAL,4,1,39.68576578190918,44.72237231090085,45.715565418620955,35.0,46.60303723533774,36.45897774853202,40.0,40.0,50.34442016951175,38.20619664012947,1
20212022,2022-04-04,STL,UTA,6,0,60.56504935464693,35.0,53.545102999013544,35.0,65.89611446881636,44.07968732456659,54.80854441918224,40.0,58.437582264742865,35.0,1
20212022,2022-04-05,BUF,SEA,5,1,45.300951333852026,38.07383522474889,46.648743334330064,35.0,51.69517273596561,40.21925525095226,40.57085620046683,40.0,47.25790185214823,37.39179898818007,1
20212022,2022-04-07,UTA,DAL,4,0,43.46447493970457,39.84965987803193,38.785586424516744,44.71143410181297,25.0,25.0,40.0,40.0,42.731376760057486,47.74890882669436,1
20212022,2022-04-08,NJD,VGK,5,0,35.0,46.82554742074794,39.406667383319856,53.34235861713839,47.54855106139873,65.24251061179564,40.0,42.44299267867314,43.927738737680016,61.42033862022924,1
20212022,2022-04-11,NSH,TBL,3,1,48.49013298337895,41.426088471285595,60.90244897489774,35.0,45.48002081623477,37.59327161425624,43.84111968504106,40.0,65.0,37.95342458773238,1
20212022,2022-04-15,LAK,PIT,6,1,37.35626389178573,60.80441341109112,40.399472364132016,48.40697180991169,25.0,62.68280729096996,40.0,55.02397206998201,50.5630727650905,53.1309082213011,1
20212022,2022-04-18,SEA,VGK,4,1,37.66028225687901,44.93637461974437,45.736630789379184,52.521134043021235,34.35042745047941,67.75058421178207,40.0,40.74273715776994,54.00755133615254,60.17762547524673,1
20212022,2022-04-27,CHI,BUF,2,0,46.835206398820304,56.94613798473924,38.62159723409406,45.38035464822345,53.98471304748334,37.06550620682262,41.75168575893827,51.05152418626532,47.20819674127698,50.30238637937645,1
20222023,2022-10-11,NJD,LAK,4,1,36.18226770375044,40.294046327645155,35.0,44.75409230758736,39.349670269380425,48.367636833034666,40.0,40.0,35.0,55.090257719034405,1
20222023,2022-10-12,VAN,CHI,3,1,35.0,49.26340721486234,44.877558423222354,54.37602191635641,39.15662082311154,51.85704729415786,40.0,44.03706649337611,49.69966360148508,59.454112792773856,1
20222023,2022-10-13,SEA,CAR,3,1,46.06791467073883,44.41325509472865,47.286808853329674,49.04676026911005,31.958552672581575,34.51522412496846,40.361123203664945,40.0,57.15502039056154,49.5902471797085,1
20222023,2022-10-14,NYI,PHI,3,0,43.69717479432207,57.831593624867885,41.099902316278836,45.46865910734776,38.62136494952882,52.905277253329395,40.0,52.5484342623811,50.4490526686386,53.265612015522244,1
20222023,2022-10-18,VGK,STL,4,0,54.89763372058787,58.44747015265597,49.67014380541879,45.55987732818818,67.45275466624479,42.183900579270585,49.807870348529086,53.00272313739037,57.66179925431642,49.64367851965656,1
20222023,2022-10-19,NSH,NYI,2,1,43.8117142426939,49.785813093542096,61.274549880129186,35.0,62.989824156590004,58.005966508801805,40.0,44.20723178418789,65.0,38.95264775335034,1
20222023,2022-10-21,NSH,WPG,4,0,52.64712417165506,35.0,57.05732888100203,43.7630150968338,40.040306958572614,29.674160889802202,47.68241175448955,40.0,59.400953069335785,49.97423424542694,1
20222023,2022-11-02,DAL,CGY,7,0,38.41569994025414,35.0,43.13285043497868,42.92590251001279,52.219199975583415,44.33383996447506,40.0,40.0,46.839348253301594,44.60289827233322,1
20222023,2022-11-07,NJD,UTA,5,0,39.48373897659228,35.0,38.665378346749776,35.0,25.0,36.8193268692718,40.0,40.0,44.97365556315068,35.0,1
20222023,2022-11-09,WSH,CHI,2,0,40.9972784340515,42.56434374137644,35.0,38.232159705849384,47.30777391551861,36.874952464233246,40.0,40.0,35.0,46.3057142649687,1
20222023,2022-11-11,CAR,BUF,1,1,57.41336055587741,47.933774434893294,41.51430491673652,44.082945602556286,50.913498600465104,58.754046269842576,51.47202450028967,43.040396991403966,45.10758596586994,48.44379620428433,0
20222023,2022-11-21,BUF,EDM,3,0,52.27468721387877,35.0,52.31568802937742,35.0,42.58672921719983,25.0,46.9472184924909,40.0,57.24828309789204,39.59565129273384,1
20222023,2022-11-28,PHI,CBJ,5,0,47.32547360585761,49.08009995479,55.72820766160061,54.42667184680565,53.11444315135104,61.9671409928923,43.09292624527185,43.872089959311005,58.47976425593508,61.24696671892046,1
20222023,2022-12-06,NJD,WSH,7,0,36.25499799587859,35.0,35.0,45.431037129164956,35.91501842153057,36.40218575934178,40.0,40.0,40.435660472333396,49.60380603908224,1
20222023,2022-12-12,CHI,ANA,5,0,54.00635416315198,47.657871897744585,41.25700172076715,35.0,52.06259763349441,29.893488971678337,48.30571874683679,41.99208470797013,46.111483216451916,38.320139619183955,1
20222023,2022-12-15,FLA,ANA,2,0,56.73951598762402,42.206973487006465,42.127637077064634,45.572303135855535,47.081479427477554,36.645371702919746,51.16556438886162,40.0,46.2984930106944,52.15637689618716,1
20222023,2022-12-16,EDM,ANA,1,1,43.808855010920404,39.093074832971006,41.02586684176768,38.87363771981226,45.67121812606142,31.756195532135045,40.0,40.0,44.93820976520537,39.27316807322921,0
20222023,2022-12-29,LAK,CAR,2,0,36.57168402874885,40.26774191105145,42.212076965203224,52.4123258132743,43.065621173807436,48.00915469063544,40.0,40.0,49.47120090113799,61.79455375566333,1
20222023,2022-12-30,DET,NSH,5,0,35.0,61.33286205387833,35.0,57.109933038692475,38.42390489560427,58.15337810764598,40.0,55.499575848490494,35.85305468592174,61.464337806068365,1
20222023,2023-01-05,NYR,SJS,3,0,39.188134278998675,57.3603890502512,35.23559752573284,47.5336462835261,59.92268817160662,56.40685596597425,40.0,52.02435014522608,37.069896132757265,55.92736077642431,1
20222023,2023-01-06,STL,CGY,3,0,53.457586444210904,51.52559923696815,44.781573720039106,52.23262513250614,58.156311822057404,33.68470437698813,48.51182779978981,45.67303931327133,44.36569962880884,59.91978142630586,1
20222023,2023-01-09,TOR,CAR,3,1,45.819030642989595,55.655633992529935,55.546393591997195,56.44097604254215,66.59105941286623,36.135836636270824,41.73712757869064,49.890070593276945,63.97976565239054,58.57254567555349,1
20222023,2023-01-10,NSH,DAL,5,1,56.708810447425826,40.38562765901049,58.58010787848075,45.238182299198094,38.601581293520255,48.238140900428505,51.337929402683244,40.0,65.0,47.7605271318276,1
20222023,2023-01-17,MTL,MIN,4,1,45.48609926220955,46.454613561137094,45.726563471202525,41.831762563223144,36.37815159064764,39.006978642963155,40.0,41.40915220502339,56.04191773296156,50.70999587322695,1
20222023,2023-01-20,BUF,CBJ,3,0,50.64791016817006,54.951243869063205,41.53687853785194,42.29299009997523,47.85775612617205,53.33797474131359,45.48311915135305,49.15611948215689,49.23848377029625,42.822141584810524,1
20222023,2023-01-23,DAL,PIT,2,0,35.533780450634964,45.10699578436191,37.74344099120354,46.891594204791694,32.38408323688945,59.85775202266301,40.0,40.99629620592572,43.436437755370974,47.60216216125004,1
20222023,2023-01-25,SJS,EDM,4,2,58.15070875490888,46.19188410055481,53.25375663375654,35.0,63.19487838315736,32.24708898832825,52.73563787941799,40.272695690499326,54.97558545577351,43.21963575602755,1
20222023,2023-01-27,VAN,BOS,1,0,52.42838669752655,48.78637519856639,36.57248120878384,41.387953705669354,42.37336242678411,42.9509757492785,46.585548027773896,43.00773767870975,43.98327556821784,48.123588800869015,0
20222023,2023-02-14,CBJ,TOR,6,1,41.5961268284533,53.7469514486519,51.99032830313561,63.6528212510797,50.916777030372145,58.97416607234432,40.0,48.87225630378671,59.9853555446568,65.0,1
20222023,2023-02-16,UTA,CGY,4,1,43.11645814247807,49.01327883050622,39.618344252345025,42.07737239991872,26.597354977609243,48.116215195182725,40.0,43.4119509474556,42.67377568421491,45.1686298612707,1
20222023,2023-02-24,WPG,NYI,3,0,36.622937640694715,51.134598930117946,37.23704566288994,52.88189571860729,45.82737966404832,39.078384601368015,40.0,45.42113903710615,41.577140184367316,59.377030104224815,1
20222023,2023-03-07,BOS,STL,4,0,47.41471681631461,46.36923410188964,43.29082036442631,44.272796916717624,50.96487361187355,48.09658640155774,41.77324513468315,42.132310691700674,48.460019106862,50.279981323367316,1
20222023,2023-03-08,NJD,DET,7,0,35.0,35.0,38.545168012719564,35.0,30.491262221630485,31.735234759245998,40.0,40.0,48.53113192826061,35.0,1
20222023,2023-03-14,PIT,BUF,5,0,48.20094674584139,42.00990996145171,51.88167297020064,49.0714014880711,48.49807304482239,58.04927769494102,43.78085207125726,40.0,55.6713929958747,53.49388174066719,1
20222023,2023-03-16,NYR,VGK,2,0,37.607033594295835,61.613011549291556,50.92137050793875,52.25822379178426,41.843259503150485,55.12481261019703,40.0,55.8517103943624,56.4356693916073,52.577042795054396,1
20222023,2023-03-21,OTT,SEA,2,0,58.80794067891088,44.45045183525089,45.21332765124203,35.0,60.60039492826172,48.654043777626015,52.92714661101979,40.0,53.369574920994424,39.406844938772416,1
20222023,2023-03-29,NSH,STL,4,1,45.817372079017225,49.5774385252193,55.498875408156636,63.00422411730861,59.86611528465787,40.897880154620246,41.535634871115505,45.01969467269737,65.0,65.0,1
20222023,2023-03-30,CAR,VGK,3,0,40.57031336888233,62.71631248222292,38.5231668464684,48.6801057432074,53.6499228699803,41.53163843684961,40.0,56.844681234000625,43.6167898196806,50.74026965524801,1
20222023,2023-04-12,COL,VGK,4,0,35.0,55.19710760068955,44.7373298746982,63.2223653604328,53.39899134800101,57.82189665947539,40.0,50.077396840620594,51.196894408567104,65.0,1
20222023,2023-04-13,OTT,LAK,3,0,41.84691677890864,42.860738938554064,53.48014712925422,35.0,36.69450272010446,36.663794802965306,40.0,40.0,60.55671222027656,37.78949097238209,1
20232024,2023-10-12,OTT,VGK,6,1,59.5311494357044,55.56413567746156,60.43298667760145,63.877913103890336,40.78440489325169,69.23243662589435,53.97803449213396,50.8077221097154,65.0,65.0,1
20232024,2023-10-13,ANA,DAL,3,0,49.21975882927366,51.23277379470607,43.78082977642296,46.04969456812315,33.383907565997305,51.21402245707102,43.797782946346295,45.409496415235466,50.71773720088248,49.938289381513755,1
20232024,2023-10-17,BOS,UTA,9,0,39.76170425614235,35.0,51.405537195373086,44.30872406553081,36.27965448141051,27.075225715162517,40.0,40.0,54.454871551965226,48.051679495369115,1
20232024,2023-10-19,PIT,SJS,9,0,55.452102071541596,54.40372438808111,52.60685664204702,65.0,59.83020509244763,55.27676440575388,50.70689186438744,49.763351949273,53.41244337120675,65.0,1
20232024,2023-10-23,MIN,SJS,4,0,46.6203251898979,59.89906977561621,54.80606119798168,63.87786723524144,44.38282182265448,72.68021913518871,41.95829267090811,54.70916279805459,63.55473844559018,65.0,1
20232024,2023-10-30,TOR,CAR,5,1,61.31452106890345,50.309867933918284,62.819027325359116,50.05552268696666,56.12445295331169,38.08621784462155,56.08306896201311,45.478881140526454,65.0,55.372488317610674,1
20232024,2023-11-03,MIN,NSH,4,2,51.441092783627624,65.0,49.60180284480093,48.82503318238096,49.74221790298005,42.58507942831561,46.29698350526486,59.879349788826794,56.78175274726633,56.06458442543109,1
20232024,2023-11-06,SEA,TBL,1,1,50.36594036322656,39.80882160198837,38.894296937129376,52.819723389933706,28.05436101607755,43.70624781571245,44.6293463269039,40.0,40.72190749140661,55.8488352048781,0
20232024,2023-11-07,PIT,NJD,10,2,63.15469889004588,43.67184850443738,59.6480192973588,35.0,63.66999954965705,52.926944331142884,57.63922900104129,40.0,65.0,35.0,1
20232024,2023-11-10,LAK,BUF,2,1,36.83731203524701,58.22917666872317,35.0,51.46773498134924,42.4495399801902,38.13513442940866,40.0,52.70625900185085,42.456235016785605,54.44726859086595,1
20232024,2023-11-13,BUF,NYI,5,0,49.56139368971316,51.68657300910533,56.207736764017774,45.19828072430727,59.91241258645378,53.03418659959851,44.90525432074184,46.317915708194796,61.06112727423679,45.32406864976173,1
20232024,2023-11-14,COL,PIT,2,0,36.71199105645537,64.33755971787565,38.669157695177304,48.27898037383823,52.75211019102609,62.7135651718382,40.0,58.70380374608809,38.255938685088275,50.957817613540115,1
20232024,2023-11-22,LAK,STL,2,2,49.520403150489884,64.94593491070988,47.471111524541776,56.82548673500138,34.88134201102653,43.53873591250453,43.568362835440894,59.25134141963889,54.09617672765968,57.45314002668792,1
20232024,2023-11-24,DAL,MIN,2,0,48.765504163416594,40.80660322103026,38.180702882066946,44.022730851807545,49.26030159896521,40.35886630262898,43.18895374707493,40.0,39.847319234523624,46.802483904336775,1
20232024,2023-11-28,SJS,TBL,10,0,62.93486615596319,46.924428722425446,65.0,37.1214755987435,57.849483841373825,41.23689007275151,57.441379540366874,41.531985850182906,65.0,37.18363104810674,1
20232024,2023-12-04,SJS,TOR,4,0,65.0,58.3571892526832,63.059723860783706,61.93242267315111,67.33487811637397,68.90098050884224,60.0,53.42147032741488,63.89395123505447,62.71840147629395,1
20232024,2023-12-06,OTT,NJD,4,0,53.06741211208315,45.797292420710775,54.34241776226661,42.36692614090915,61.908314388424756,28.39299218271467,48.160670900874834,40.2175631786397,58.84998380515515,44.16693313892846,1
20232024,2023-12-11,NYR,SEA,10,0,56.05077481711934,39.66483481101455,44.15879013573801,44.90092689847522,48.745426774954794,30.705871006007328,50.34569733540741,40.0,53.42994243952083,51.151169613117176,1
20232024,2023-12-12,CHI,CBJ,4,0,45.83012453712122,60.61296439128099,51.1944634320713,48.00544741338655,47.398798567792575,49.565488180803236,41.3471120834091,54.65166795215289,55.698762055304776,49.0411476682534,1
20232024,2023-12-13,TOR,TBL,2,1,55.185362229993906,35.606478934046564,51.33757521181878,36.98164625655915,73.57575321232812,45.63109685024429,50.56682600699452,40.0,53.65765921824017,37.02024612086295,1
20232024,2023-12-14,PHI,LAK,5,1,62.08046155317521,41.301445660733876,57.32434062064629,47.17344109858992,49.38977867089736,28.524276966294785,56.77241539785769,40.0,64.04786549757917,55.74745122789348,1
20232024,2023-12-19,SJS,MIN,6,0,65.0,45.898622716077284,53.053260043425645,40.30529679292059,56.10331507969959,41.6038773259258,60.0,41.308760444469556,57.760393413435814,42.155195315630245,1
20232024,2023-12-26,CBJ,DET,3,0,45.63165982577999,39.37303273992771,44.62436087227235,48.771564791720664,60.309098973699975,30.574961666960277,41.16849384320199,40.0,45.33717832630506,59.428655508275085,1
20232024,2023-12-28,TOR,CGY,7,0,49.0082057887835,40.71051950515438,60.92365338804754,50.03359589756854,71.47829011862157,53.37804221895179,45.00738520990515,40.0,63.99535966778449,57.217260676845214,1
20232024,2023-12-29,DAL,UTA,8,1,48.627124367904,35.0,46.60092112748539,41.14095172384468,47.054709665918054,48.620465452291214,43.064411931113604,40.0,56.05656752460597,46.668400723241824,1
20232024,2024-01-02,MTL,VGK,8,0,35.0,61.59103673145368,42.96418354897112,49.341874652597575,37.39583436408393,60.811173488543034,40.0,56.23193305830831,47.31679580642266,56.19637997758089,1
20232024,2024-01-04,BOS,MTL,7,0,52.22125872959439,36.890117867881266,36.39723841369323,35.0,50.32833546298782,33.09920910566386,46.49913285663495,40.0,37.265162769627075,38.038157462138834,1
20232024,2024-01-19,FLA,TBL,3,0,53.160401825701626,50.54978483462976,58.74929608099456,41.362631995872455,47.49602395773788,55.3304709993766,48.344361643131464,44.794806351166784,65.0,51.130532584794494,1
20232024,2024-01-23,STL,BUF,6,1,64.96835452861022,60.246698328794636,48.40803221376413,48.669222985281586,61.13466946775378,58.60267160845727,59.2715190757492,54.52202849591517,50.21908992383679,54.97834160828371,1
20232024,2024-01-24,LAK,DAL,3,0,40.723845585644085,47.37207481380391,38.98296405464425,37.27473375963822,38.203623129548085,33.90860890626164,40.0,41.93486733242352,39.792633851005746,40.82979033837598,1
20232024,2024-01-30,OTT,NYR,2,1,55.083394432220004,44.04446268461238,55.17681741909333,55.21460930460825,60.21093507968653,62.41511850530182,49.975054988998004,40.0,57.06931751091279,57.195397708742284,1
20232024,2024-01-31,OTT,LAK,2,0,60.16314098048426,41.70971876630071,47.52388812328495,36.313072539646484,57.18649926662298,27.608186820767628,54.54682688243583,40.0,50.2454960663809,38.17387987918867,1
20232024,2024-02-13,PIT,FLA,8,2,58.08842079430426,59.47161400879962,62.880989024571555,61.11940257341908,58.09657621548887,48.68493595359159,53.07957871487384,54.024452607919656,64.04705188530984,65.0,1
20232024,2024-02-14,SEA,TOR,4,0,38.68208298454866,58.08334940335528,36.52178575887708,56.71718893672218,50.2999874069697,73.46232135906892,40.0,53.17501446301975,38.39466320326651,60.39983027187661,1
20232024,2024-02-16,BUF,CGY,2,1,45.47144981198981,42.02860304374927,45.02056492982517,40.47144288302879,56.2912458661028,60.735059133455096,41.22430483079083,40.0,46.187447946836876,48.36476180285003,1
20232024,2024-02-20,PIT,PHI,4,1,63.839220289334314,54.09441000915098,50.54362378433774,54.26492349661089,54.95677672432383,60.68709182077318,58.255298260400885,49.58496900823588,51.49951257421668,57.90552516387663,1
20232024,2024-02-28,WSH,TBL,6,1,49.91624202797158,41.74563296489235,35.0,41.07097241627377,31.21960017701,32.10899903632708,44.12461782517442,40.0,39.437659701457335,45.94577006507903,1
20232024,2024-02-29,LAK,CHI,2,1,38.03903849230439,55.18628589606967,46.914897566515265,52.72364708176683,35.38798152363792,46.717259045104086,40.0,49.7676573064627,54.15259925832143,58.666545207078954,1
20232024,2024-03-06,WSH,NYR,3,2,40.21400801173086,39.83760787677551,46.40832138184686,49.06136645264056,42.34608582704375,51.52674366495154,40.0,40.0,56.28480569160132,58.26947295864737,1
20232024,2024-03-08,CBJ,NYI,3,1,50.405924453831496,40.486906348848215,41.57993488671896,42.28543618620519,56.69463213986286,34.934720413675386,45.46533200844835,40.0,45.45630091115344,47.45691520191145,1
20232024,2024-03-15,MTL,NYR,6,0,35.0,45.66015266104488,48.49302210810362,46.471325720781614,28.375123997142744,40.429002169686356,40.0,40.994137394940395,50.29116662038973,52.06967490213103,1
20232024,2024-03-21,DAL,WSH,8,0,39.441611506325316,39.30167346568801,44.571706971858994,50.25168435849646,30.25280937415942,50.41565408271065,40.0,40.0,54.16245065614372,58.631225519501925,1
20232024,2024-03-29,CBJ,TBL,3,1,57.56086571548504,36.28369928112718,44.150010961516074,35.46927147461472,53.82995201779787,57.40155828929454,51.90477914393654,40.0,49.401117502131825,38.653390318606576,1
20232024,2024-04-12,OTT,ANA,3,0,49.490891694808894,41.78406862543836,60.48188980968749,41.453674141556405,39.15972571713193,49.34718971594751,44.94180252532801,40.0,65.0,49.61388604885199,1
