date,home_team,away_team,home_gf,away_gf,home_xg_pct,home_cf_pct,away_xg_pct,away_cf_pct,home_goals_for,home_goals_against,away_goals_for,away_goals_against,season
2025-10-07,FLA,CHI,3,2,0.55,0.56,0.43,0.44,246.0,223.0,224.0,292.0,20252026
2025-10-07,NYR,PIT,0,3,0.48,0.5,0.49,0.5,255.0,255.0,242.0,287.0,20252026
2025-10-07,LAK,COL,1,4,0.54,0.53,0.53,0.54,249.0,203.0,273.0,231.0,20252026
2025-10-07,TOR,MTL,5,2,0.49,0.47,0.46,0.47,267.0,229.0,243.0,261.0,20252026
2025-10-07,WSH,BOS,1,3,0.52,0.5,0.48,0.48,286.0,229.0,222.0,271.0,20252026
2025-10-07,EDM,CGY,3,4,0.55,0.54,0.49,0.51,259.0,235.0,220.0,236.0,20252026
2025-10-07,VGK,LAK,5,6,0.54,0.51,0.54,0.53,274.0,214.0,249.0,203.0,20252026
2025-10-07,BOS,CHI,4,3,0.48,0.48,0.43,0.44,222.0,271.0,224.0,292.0,20252026
2025-10-07,BUF,NYR,0,4,0.48,0.5,0.48,0.5,265.0,287.0,255.0,255.0,20252026
2025-10-07,DET,MTL,1,5,0.49,0.48,0.46,0.47,235.0,259.0,243.0,261.0,20252026
2025-10-07,TBL,OTT,4,5,0.53,0.51,0.5,0.51,292.0,216.0,242.0,232.0,20252026
2025-10-07,FLA,PHI,2,1,0.55,0.56,0.51,0.48,246.0,223.0,232.0,283.0,20252026
2025-10-07,PIT,NYI,4,3,0.49,0.5,0.48,0.5,242.0,287.0,222.0,257.0,20252026
2025-10-07,CAR,NJD,6,3,0.55,0.59,0.53,0.52,266.0,230.0,240.0,220.0,20252026
2025-10-07,STL,MIN,0,5,0.49,0.49,0.5,0.48,250.0,231.0,225.0,236.0,20252026
2025-10-07,NSH,CBJ,2,1,0.51,0.52,0.48,0.49,212.0,274.0,267.0,267.0,20252026
2025-10-07,WPG,DAL,4,5,0.53,0.5,0.52,0.5,275.0,190.0,275.0,222.0,20252026
2025-10-07,COL,UTA,2,1,0.5,0.5,0.5,0.5,250.0,250.0,250.0,250.0,20252026
2025-10-07,VAN,CGY,5,1,0.49,0.49,0.49,0.51,233.0,251.0,220.0,236.0,20252026
2025-10-07,SJS,VGK,3,4,0.43,0.46,0.54,0.51,208.0,310.0,274.0,214.0,20252026
2025-10-07,SEA,ANA,3,1,0.47,0.48,0.45,0.46,245.0,262.0,217.0,261.0,20252026
2025-10-07,WPG,LAK,3,2,0.53,0.5,0.54,0.53,275.0,190.0,249.0,203.0,20252026
2025-10-07,CGY,STL,2,4,0.49,0.51,0.49,0.49,220.0,236.0,250.0,231.0,20252026
2025-10-07,BOS,BUF,3,1,0.48,0.48,0.48,0.5,222.0,271.0,265.0,287.0,20252026
2025-10-07,DET,TOR,6,3,0.49,0.48,0.49,0.47,235.0,259.0,267.0,229.0,20252026
2025-10-07,TBL,NJD,3,5,0.53,0.51,0.53,0.52,292.0,216.0,240.0,220.0,20252026
2025-10-07,FLA,OTT,6,2,0.55,0.56,0.5,0.51,246.0,223.0,242.0,232.0,20252026
2025-10-07,NYI,WSH,2,4,0.48,0.5,0.52,0.5,222.0,257.0,286.0,229.0,20252026
2025-10-07,PIT,NYR,1,6,0.49,0.5,0.48,0.5,242.0,287.0,255.0,255.0,20252026
2025-10-07,CAR,PHI,4,3,0.55,0.59,0.51,0.48,266.0,230.0,232.0,283.0,20252026
2025-10-07,CHI,MTL,2,3,0.43,0.44,0.46,0.47,224.0,292.0,243.0,261.0,20252026
2025-10-07,NSH,UTA,2,3,0.5,0.5,0.5,0.5,250.0,250.0,250.0,250.0,20252026
2025-10-07,MIN,CBJ,4,7,0.5,0.48,0.48,0.49,225.0,236.0,267.0,267.0,20252026
2025-10-07,COL,DAL,4,5,0.53,0.54,0.52,0.5,273.0,231.0,275.0,222.0,20252026
2025-10-07,EDM,VAN,3,1,0.55,0.54,0.49,0.49,259.0,235.0,233.0,251.0,20252026
2025-10-07,SJS,ANA,6,7,0.43,0.46,0.45,0.46,208.0,310.0,217.0,261.0,20252026
2025-10-07,SEA,VGK,2,1,0.47,0.48,0.54,0.51,245.0,262.0,274.0,214.0,20252026
2025-10-07,NYR,WSH,0,1,0.48,0.5,0.52,0.5,255.0,255.0,286.0,229.0,20252026
2025-10-07,BUF,COL,1,3,0.48,0.5,0.53,0.54,265.0,287.0,273.0,231.0,20252026
2025-10-07,BOS,TBL,3,4,0.48,0.48,0.53,0.51,222.0,271.0,292.0,216.0,20252026
2025-10-07,OTT,NSH,1,4,0.5,0.51,0.51,0.52,242.0,232.0,212.0,274.0,20252026
2025-10-07,NYI,WPG,2,5,0.48,0.5,0.53,0.5,222.0,257.0,275.0,190.0,20252026
2025-10-07,TOR,DET,2,3,0.49,0.47,0.49,0.48,267.0,229.0,235.0,259.0,20252026
2025-10-07,PHI,FLA,5,2,0.51,0.48,0.55,0.56,232.0,283.0,246.0,223.0,20252026
2025-10-07,CBJ,NJD,2,3,0.48,0.49,0.53,0.52,267.0,267.0,240.0,220.0,20252026
2025-10-07,VAN,STL,2,5,0.49,0.49,0.49,0.49,233.0,251.0,250.0,231.0,20252026
2025-10-07,MIN,LAK,4,3,0.5,0.48,0.54,0.53,225.0,236.0,249.0,203.0,20252026
2025-10-07,CHI,UTA,3,1,0.5,0.5,0.5,0.5,250.0,250.0,250.0,250.0,20252026
2025-10-08,TOR,NSH,7,4,0.49,0.47,0.51,0.52,267.0,229.0,212.0,274.0,20252026
2025-10-08,MTL,SEA,5,4,0.46,0.47,0.47,0.48,243.0,261.0,245.0,262.0,20252026
2025-10-08,NYR,EDM,0,2,0.48,0.5,0.55,0.54,255.0,255.0,259.0,235.0,20252026
2025-10-08,WSH,TBL,3,2,0.52,0.5,0.53,0.51,286.0,229.0,292.0,216.0,20252026
2025-10-08,CGY,VGK,2,4,0.49,0.51,0.54,0.51,220.0,236.0,274.0,214.0,20252026
2025-10-08,DAL,MIN,5,2,0.52,0.5,0.5,0.48,275.0,222.0,225.0,236.0,20252026
2025-10-08,SJS,CAR,1,5,0.43,0.46,0.55,0.59,208.0,310.0,266.0,230.0,20252026
2025-10-08,ANA,PIT,4,3,0.45,0.46,0.49,0.5,217.0,261.0,242.0,287.0,20252026
2025-10-09,BUF,OTT,8,4,0.48,0.5,0.5,0.51,265.0,287.0,242.0,232.0,20252026
2025-10-09,DET,FLA,4,1,0.49,0.48,0.55,0.56,235.0,259.0,246.0,223.0,20252026
2025-10-09,STL,CHI,3,8,0.49,0.49,0.43,0.44,250.0,231.0,224.0,292.0,20252026
2025-10-09,UTA,CGY,3,1,0.5,0.5,0.5,0.5,250.0,250.0,250.0,250.0,20252026
2025-10-10,TOR,NYR,2,1,0.49,0.47,0.48,0.5,267.0,229.0,255.0,255.0,20252026
2025-10-10,MTL,NSH,3,2,0.46,0.47,0.51,0.52,243.0,261.0,212.0,274.0,20252026
2025-10-10,OTT,SEA,4,3,0.5,0.51,0.47,0.48,242.0,232.0,245.0,262.0,20252026
2025-10-10,NJD,FLA,3,1,0.53,0.52,0.55,0.56,240.0,220.0,246.0,223.0,20252026
2025-10-10,PHI,WPG,2,5,0.51,0.48,0.53,0.5,232.0,283.0,275.0,190.0,20252026
2025-10-10,CBJ,COL,1,4,0.48,0.49,0.53,0.54,267.0,267.0,273.0,231.0,20252026
2025-10-10,NYI,EDM,4,2,0.48,0.5,0.55,0.54,222.0,257.0,259.0,235.0,20252026
2025-10-10,DAL,VAN,3,5,0.52,0.5,0.49,0.49,275.0,222.0,233.0,251.0,20252026
2025-10-10,VGK,BOS,6,5,0.54,0.51,0.48,0.48,274.0,214.0,222.0,271.0,20252026
2025-10-10,ANA,CAR,1,4,0.45,0.46,0.55,0.59,217.0,261.0,266.0,230.0,20252026
2025-10-10,LAK,PIT,2,4,0.54,0.53,0.49,0.5,249.0,203.0,242.0,287.0,20252026
2025-10-11,DET,TBL,2,1,0.49,0.48,0.53,0.51,235.0,259.0,292.0,216.0,20252026
2025-10-11,WSH,MIN,5,1,0.52,0.5,0.5,0.48,286.0,229.0,225.0,236.0,20252026
2025-10-11,CHI,VAN,2,3,0.43,0.44,0.49,0.49,224.0,292.0,233.0,251.0,20252026
2025-10-11,UTA,SJS,6,3,0.5,0.5,0.5,0.5,250.0,250.0,250.0,250.0,20252026
2025-10-12,BUF,FLA,3,0,0.48,0.5,0.55,0.56,265.0,287.0,246.0,223.0,20252026
2025-10-12,OTT,NYI,4,5,0.5,0.51,0.48,0.5,242.0,232.0,222.0,257.0,20252026
2025-10-12,NJD,EDM,5,3,0.53,0.52,0.55,0.54,240.0,220.0,259.0,235.0,20252026
2025-10-12,TOR,SEA,3,4,0.49,0.47,0.47,0.48,267.0,229.0,245.0,262.0,20252026
2025-10-12,MTL,NYR,3,4,0.46,0.47,0.48,0.5,243.0,261.0,255.0,255.0,20252026
2025-10-12,PHI,MIN,2,1,0.51,0.48,0.5,0.48,232.0,283.0,225.0,236.0,20252026
2025-10-12,CBJ,TBL,3,2,0.48,0.49,0.53,0.51,267.0,267.0,292.0,216.0,20252026
2025-10-12,STL,DAL,3,1,0.49,0.49,0.52,0.5,250.0,231.0,275.0,222.0,20252026
2025-10-12,WPG,NSH,4,1,0.53,0.5,0.51,0.52,275.0,190.0,212.0,274.0,20252026
2025-10-12,COL,BOS,4,1,0.53,0.54,0.48,0.48,273.0,231.0,222.0,271.0,20252026
2025-10-12,LAK,CAR,3,4,0.54,0.53,0.55,0.59,249.0,203.0,266.0,230.0,20252026
2025-10-12,VGK,CGY,6,1,0.54,0.51,0.49,0.51,274.0,214.0,220.0,236.0,20252026
2025-10-12,SJS,PIT,0,3,0.43,0.46,0.49,0.5,208.0,310.0,242.0,287.0,20252026
2025-10-13,WSH,VAN,3,4,0.52,0.5,0.49,0.49,286.0,229.0,233.0,251.0,20252026
2025-10-13,DET,EDM,4,2,0.49,0.48,0.55,0.54,235.0,259.0,259.0,235.0,20252026
2025-10-13,CHI,ANA,2,1,0.43,0.44,0.45,0.46,224.0,292.0,217.0,261.0,20252026
2025-10-13,UTA,BOS,3,2,0.5,0.5,0.5,0.5,250.0,250.0,250.0,250.0,20252026
2025-10-14,NYR,MIN,1,3,0.48,0.5,0.5,0.48,255.0,255.0,225.0,236.0,20252026
2025-10-14,PHI,SEA,5,2,0.51,0.48,0.47,0.48,232.0,283.0,245.0,262.0,20252026
2025-10-14,MTL,BUF,4,2,0.46,0.47,0.48,0.5,243.0,261.0,265.0,287.0,20252026
2025-10-14,CGY,WPG,1,2,0.49,0.51,0.53,0.5,220.0,236.0,275.0,190.0,20252026
2025-10-14,VGK,CAR,4,1,0.54,0.51,0.55,0.59,274.0,214.0,266.0,230.0,20252026
2025-10-15,TOR,NJD,2,5,0.49,0.47,0.53,0.52,267.0,229.0,240.0,220.0,20252026
2025-10-15,OTT,EDM,2,3,0.5,0.51,0.55,0.54,242.0,232.0,259.0,235.0,20252026
2025-10-15,NYI,SJS,4,3,0.48,0.5,0.43,0.46,222.0,257.0,208.0,310.0,20252026
2025-10-15,PIT,VAN,5,1,0.49,0.5,0.49,0.49,242.0,287.0,233.0,251.0,20252026
2025-10-15,WSH,SEA,4,1,0.52,0.5,0.47,0.48,286.0,229.0,245.0,262.0,20252026
2025-10-15,BOS,FLA,3,4,0.48,0.48,0.55,0.56,222.0,271.0,246.0,223.0,20252026
2025-10-15,STL,LAK,1,2,0.49,0.49,0.54,0.53,250.0,231.0,249.0,203.0,20252026
2025-10-15,NSH,ANA,2,5,0.51,0.52,0.45,0.46,212.0,274.0,217.0,261.0,20252026
2025-10-15,DAL,CBJ,1,5,0.52,0.5,0.48,0.49,275.0,222.0,267.0,267.0,20252026
2025-10-15,UTA,COL,4,3,0.5,0.5,0.5,0.5,250.0,250.0,250.0,250.0,20252026
2025-10-16,NJD,MIN,4,1,0.53,0.52,0.5,0.48,240.0,220.0,225.0,236.0,20252026
2025-10-16,BUF,DET,4,2,0.48,0.5,0.49,0.48,265.0,287.0,235.0,259.0,20252026
2025-10-16,CGY,MTL,1,2,0.49,0.51,0.46,0.47,220.0,236.0,243.0,261.0,20252026
2025-10-17,TBL,CHI,2,3,0.53,0.51,0.43,0.44,292.0,216.0,224.0,292.0,20252026
2025-10-17,BOS,ANA,5,7,0.48,0.48,0.45,0.46,222.0,271.0,217.0,261.0,20252026
2025-10-17,OTT,PHI,2,1,0.5,0.51,0.51,0.48,242.0,232.0,232.0,283.0,20252026
2025-10-17,FLA,PIT,3,5,0.55,0.56,0.49,0.5,246.0,223.0,242.0,287.0,20252026
2025-10-17,NYI,DET,7,2,0.48,0.5,0.49,0.48,222.0,257.0,235.0,259.0,20252026
2025-10-17,NYR,SJS,5,6,0.48,0.5,0.43,0.46,255.0,255.0,208.0,310.0,20252026
2025-10-17,STL,UTA,4,7,0.5,0.5,0.5,0.5,250.0,250.0,250.0,250.0,20252026
2025-10-17,NSH,VAN,2,1,0.51,0.52,0.49,0.49,212.0,274.0,233.0,251.0,20252026
2025-10-17,WPG,SEA,0,3,0.53,0.5,0.47,0.48,275.0,190.0,245.0,262.0,20252026
2025-10-17,DAL,LAK,2,3,0.52,0.5,0.54,0.53,275.0,222.0,249.0,203.0,20252026
2025-10-17,COL,CAR,4,5,0.53,0.54,0.55,0.59,273.0,231.0,266.0,230.0,20252026
2025-10-17,EDM,MTL,6,5,0.55,0.54,0.46,0.47,259.0,235.0,243.0,261.0,20252026
2025-10-18,BUF,TOR,5,3,0.48,0.5,0.49,0.47,265.0,287.0,267.0,229.0,20252026
2025-10-18,NJD,SJS,3,1,0.53,0.52,0.43,0.46,240.0,220.0,208.0,310.0,20252026
2025-10-18,CBJ,WSH,1,5,0.48,0.49,0.52,0.5,267.0,267.0,286.0,229.0,20252026
2025-10-18,WPG,CGY,5,3,0.53,0.5,0.49,0.51,275.0,190.0,220.0,236.0,20252026
2025-10-19,PHI,NYI,4,3,0.51,0.48,0.48,0.5,232.0,283.0,222.0,257.0,20252026
2025-10-19,BOS,COL,3,2,0.48,0.48,0.53,0.54,222.0,271.0,273.0,231.0,20252026
2025-10-19,TBL,ANA,4,3,0.53,0.51,0.45,0.46,292.0,216.0,217.0,261.0,20252026
2025-10-19,TOR,BUF,4,3,0.49,0.47,0.48,0.5,267.0,229.0,265.0,287.0,20252026
2025-10-19,FLA,VGK,3,0,0.55,0.56,0.54,0.51,246.0,223.0,274.0,214.0,20252026
2025-10-19,MIN,UTA,2,6,0.5,0.5,0.5,0.5,250.0,250.0,250.0,250.0,20252026
2025-10-19,DET,STL,6,4,0.49,0.48,0.49,0.49,235.0,259.0,250.0,231.0,20252026
2025-10-19,PIT,CBJ,4,5,0.49,0.5,0.48,0.49,242.0,287.0,267.0,267.0,20252026
2025-10-19,WSH,OTT,1,7,0.52,0.5,0.5,0.51,286.0,229.0,242.0,232.0,20252026
2025-10-19,VAN,MTL,3,4,0.49,0.49,0.46,0.47,233.0,251.0,243.0,261.0,20252026
2025-10-19,NSH,LAK,5,4,0.51,0.52,0.54,0.53,212.0,274.0,249.0,203.0,20252026
2025-10-19,DAL,CAR,3,2,0.52,0.5,0.55,0.59,275.0,222.0,266.0,230.0,20252026
2025-10-19,SEA,EDM,3,2,0.47,0.48,0.55,0.54,245.0,262.0,259.0,235.0,20252026
2025-10-20,NJD,COL,4,3,0.53,0.52,0.53,0.54,240.0,220.0,273.0,231.0,20252026
2025-10-20,TBL,VGK,2,1,0.53,0.51,0.54,0.51,292.0,216.0,274.0,214.0,20252026
2025-10-20,MIN,SJS,5,6,0.5,0.48,0.43,0.46,225.0,236.0,208.0,310.0,20252026
2025-10-20,WPG,UTA,2,3,0.5,0.5,0.5,0.5,250.0,250.0,250.0,250.0,20252026
2025-10-20,CHI,LAK,1,3,0.43,0.44,0.54,0.53,224.0,292.0,249.0,203.0,20252026
2025-10-20,NSH,DAL,2,3,0.51,0.52,0.52,0.5,212.0,274.0,275.0,222.0,20252026
2025-10-20,CGY,NYR,5,1,0.49,0.51,0.48,0.5,220.0,236.0,255.0,255.0,20252026
2025-10-20,VAN,EDM,4,3,0.49,0.49,0.55,0.54,233.0,251.0,259.0,235.0,20252026
2025-10-21,PIT,STL,6,3,0.49,0.5,0.49,0.49,242.0,287.0,250.0,231.0,20252026
2025-10-21,OTT,BOS,7,2,0.5,0.51,0.48,0.48,242.0,232.0,222.0,271.0,20252026
2025-10-22,PHI,PIT,3,2,0.51,0.48,0.49,0.5,232.0,283.0,242.0,287.0,20252026
2025-10-22,TOR,CGY,4,3,0.49,0.47,0.49,0.51,267.0,229.0,220.0,236.0,20252026
2025-10-22,CAR,VGK,3,6,0.55,0.59,0.54,0.51,266.0,230.0,274.0,214.0,20252026
2025-10-22,BUF,CBJ,3,4,0.48,0.5,0.48,0.49,265.0,287.0,267.0,267.0,20252026
2025-10-22,FLA,ANA,2,3,0.55,0.56,0.45,0.46,246.0,223.0,217.0,261.0,20252026
2025-10-22,BOS,NYI,5,2,0.48,0.48,0.48,0.5,222.0,271.0,222.0,257.0,20252026
2025-10-22,NSH,TBL,2,5,0.51,0.52,0.53,0.51,212.0,274.0,292.0,216.0,20252026
2025-10-22,MIN,WPG,3,4,0.5,0.48,0.53,0.5,225.0,236.0,275.0,190.0,20252026
2025-10-22,STL,DET,2,5,0.49,0.49,0.49,0.48,250.0,231.0,235.0,259.0,20252026
2025-10-22,DAL,WSH,1,0,0.52,0.5,0.52,0.5,275.0,222.0,286.0,229.0,20252026
2025-10-22,CHI,OTT,7,3,0.43,0.44,0.5,0.51,224.0,292.0,242.0,232.0,20252026
2025-10-22,COL,NJD,8,4,0.53,0.54,0.53,0.52,273.0,231.0,240.0,220.0,20252026
2025-10-22,EDM,UTA,6,3,0.5,0.5,0.5,0.5,250.0,250.0,250.0,250.0,20252026
2025-10-22,VAN,NYR,0,2,0.49,0.49,0.48,0.5,233.0,251.0,255.0,255.0,20252026
2025-10-22,SEA,MTL,3,4,0.47,0.48,0.46,0.47,245.0,262.0,243.0,261.0,20252026
2025-10-22,SJS,LAK,3,4,0.43,0.46,0.54,0.53,208.0,310.0,249.0,203.0,20252026
2025-10-23,CBJ,TOR,6,3,0.48,0.49,0.49,0.47,267.0,267.0,267.0,229.0,20252026
2025-10-24,BOS,BUF,4,3,0.48,0.48,0.48,0.5,222.0,271.0,265.0,287.0,20252026
2025-10-24,OTT,CGY,4,3,0.5,0.51,0.49,0.51,242.0,232.0,220.0,236.0,20252026
2025-10-24,TBL,DAL,2,1,0.53,0.51,0.52,0.5,292.0,216.0,275.0,222.0,20252026
2025-10-24,PHI,NSH,4,1,0.51,0.48,0.51,0.52,232.0,283.0,212.0,274.0,20252026
2025-10-24,CAR,NYI,6,2,0.55,0.59,0.48,0.5,266.0,230.0,222.0,257.0,20252026
2025-10-24,STL,VAN,3,4,0.49,0.49,0.49,0.49,250.0,231.0,233.0,251.0,20252026
2025-10-24,MIN,PIT,1,4,0.5,0.48,0.49,0.5,225.0,236.0,242.0,287.0,20252026
2025-10-24,WPG,CHI,6,3,0.53,0.5,0.43,0.44,275.0,190.0,224.0,292.0,20252026
2025-10-24,EDM,NYR,3,4,0.55,0.54,0.48,0.5,259.0,235.0,255.0,255.0,20252026
2025-10-24,SJS,NJD,5,2,0.43,0.46,0.53,0.52,208.0,310.0,240.0,220.0,20252026
2025-10-24,LAK,DET,3,4,0.54,0.53,0.49,0.48,249.0,203.0,235.0,259.0,20252026
2025-10-25,VGK,COL,2,4,0.54,0.51,0.53,0.54,274.0,214.0,273.0,231.0,20252026
2025-10-25,WSH,NYI,1,3,0.52,0.5,0.48,0.5,286.0,229.0,222.0,257.0,20252026
2025-10-25,ANA,DET,5,2,0.45,0.46,0.49,0.48,217.0,261.0,235.0,259.0,20252026
2025-10-26,BOS,CAR,2,1,0.48,0.48,0.55,0.59,222.0,271.0,266.0,230.0,20252026
2025-10-26,WPG,PIT,5,2,0.53,0.5,0.49,0.5,275.0,190.0,242.0,287.0,20252026
2025-10-26,NSH,CGY,4,2,0.51,0.52,0.49,0.51,212.0,274.0,220.0,236.0,20252026
2025-10-26,SJS,COL,3,2,0.43,0.46,0.53,0.54,208.0,310.0,273.0,231.0,20252026
2025-10-26,FLA,DAL,4,3,0.55,0.56,0.52,0.5,246.0,223.0,275.0,222.0,20252026
2025-10-26,BUF,WSH,4,3,0.48,0.5,0.52,0.5,265.0,287.0,286.0,229.0,20252026
2025-10-26,MTL,OTT,4,3,0.46,0.47,0.5,0.51,243.0,261.0,242.0,232.0,20252026
2025-10-26,PHI,TOR,2,5,0.51,0.48,0.49,0.47,232.0,283.0,267.0,229.0,20252026
2025-10-26,CBJ,STL,3,2,0.48,0.49,0.49,0.49,267.0,267.0,250.0,231.0,20252026
2025-10-26,MIN,VAN,5,2,0.5,0.48,0.49,0.49,225.0,236.0,233.0,251.0,20252026
2025-10-26,LAK,NJD,1,4,0.54,0.53,0.53,0.52,249.0,203.0,240.0,220.0,20252026
2025-10-26,EDM,CHI,3,2,0.55,0.54,0.43,0.44,259.0,235.0,224.0,292.0,20252026
2025-10-26,SEA,NYR,2,3,0.47,0.48,0.48,0.5,245.0,262.0,255.0,255.0,20252026
2025-10-27,UTA,TBL,2,4,0.5,0.5,0.5,0.5,250.0,250.0,250.0,250.0,20252026
2025-10-27,NYI,CBJ,3,2,0.48,0.5,0.48,0.49,222.0,257.0,267.0,267.0,20252026
2025-10-27,PHI,CGY,1,2,0.51,0.48,0.49,0.51,232.0,283.0,220.0,236.0,20252026
2025-10-27,ANA,NJD,4,1,0.45,0.46,0.53,0.52,217.0,261.0,240.0,220.0,20252026
2025-10-27,SJS,DET,2,3,0.43,0.46,0.49,0.48,208.0,310.0,235.0,259.0,20252026
2025-10-28,TOR,PIT,4,3,0.49,0.47,0.49,0.5,267.0,229.0,242.0,287.0,20252026
2025-10-28,STL,EDM,3,2,0.49,0.49,0.55,0.54,250.0,231.0,259.0,235.0,20252026
2025-10-28,NSH,VAN,4,5,0.51,0.52,0.49,0.49,212.0,274.0,233.0,251.0,20252026
2025-10-28,SEA,CHI,3,1,0.47,0.48,0.43,0.44,245.0,262.0,224.0,292.0,20252026
2025-10-29,BUF,UTA,1,2,0.5,0.5,0.5,0.5,250.0,250.0,250.0,250.0,20252026
2025-10-29,MTL,PHI,4,5,0.46,0.47,0.51,0.48,243.0,261.0,232.0,283.0,20252026
2025-10-29,NYI,BOS,3,4,0.48,0.5,0.48,0.48,222.0,257.0,222.0,271.0,20252026
2025-10-29,NYR,CAR,0,3,0.48,0.5,0.55,0.59,255.0,255.0,266.0,230.0,20252026
2025-10-29,DAL,EDM,4,3,0.52,0.5,0.55,0.54,275.0,222.0,259.0,235.0,20252026
2025-10-29,MIN,NSH,3,2,0.5,0.48,0.51,0.52,225.0,236.0,212.0,274.0,20252026
2025-10-29,COL,TBL,3,2,0.53,0.54,0.53,0.51,273.0,231.0,292.0,216.0,20252026
2025-10-29,VGK,DET,1,0,0.54,0.51,0.49,0.48,274.0,214.0,235.0,259.0,20252026
2025-10-29,ANA,FLA,7,3,0.45,0.46,0.55,0.56,217.0,261.0,246.0,223.0,20252026
2025-10-29,LAK,WPG,3,0,0.54,0.53,0.53,0.5,249.0,203.0,275.0,190.0,20252026
2025-10-30,TOR,UTA,5,3,0.5,0.5,0.5,0.5,250.0,250.0,250.0,250.0,20252026
2025-10-30,WSH,STL,6,1,0.52,0.5,0.49,0.49,286.0,229.0,250.0,231.0,20252026
2025-10-30,CGY,CBJ,5,1,0.49,0.51,0.48,0.49,220.0,236.0,267.0,267.0,20252026
2025-10-30,VAN,CHI,2,5,0.49,0.49,0.43,0.44,233.0,251.0,224.0,292.0,20252026
2025-10-30,SEA,SJS,1,6,0.47,0.48,0.43,0.46,245.0,262.0,208.0,310.0,20252026
2025-10-31,BOS,OTT,3,2,0.48,0.48,0.5,0.51,222.0,271.0,242.0,232.0,20252026
2025-10-31,BUF,STL,0,3,0.48,0.5,0.49,0.49,265.0,287.0,250.0,231.0,20252026
2025-10-31,NJD,MTL,4,3,0.53,0.52,0.46,0.47,240.0,220.0,243.0,261.0,20252026
2025-10-31,CAR,MIN,4,3,0.55,0.59,0.5,0.48,266.0,230.0,225.0,236.0,20252026
2025-10-31,PIT,WSH,5,3,0.49,0.5,0.52,0.5,242.0,287.0,286.0,229.0,20252026
2025-10-31,NSH,PHI,1,3,0.51,0.52,0.51,0.48,212.0,274.0,232.0,283.0,20252026
2025-10-31,DAL,ANA,5,7,0.52,0.5,0.45,0.46,275.0,222.0,217.0,261.0,20252026
2025-10-31,VGK,TBL,3,6,0.54,0.51,0.53,0.51,274.0,214.0,292.0,216.0,20252026
2025-10-31,LAK,FLA,2,5,0.54,0.53,0.55,0.56,249.0,203.0,246.0,223.0,20252026
2025-11-01,DET,NYR,1,4,0.49,0.48,0.48,0.5,235.0,259.0,255.0,255.0,20252026
2025-11-01,NYI,MIN,2,5,0.48,0.5,0.5,0.48,222.0,257.0,225.0,236.0,20252026
2025-11-01,CGY,CHI,0,4,0.49,0.51,0.43,0.44,220.0,236.0,224.0,292.0,20252026
2025-11-01,SJS,WPG,2,1,0.43,0.46,0.53,0.5,208.0,310.0,275.0,190.0,20252026
2025-11-02,NJD,PIT,2,1,0.53,0.52,0.49,0.5,240.0,220.0,242.0,287.0,20252026
2025-11-02,PHI,OTT,2,3,0.51,0.48,0.5,0.51,232.0,283.0,242.0,232.0,20252026
2025-11-02,NSH,DAL,4,5,0.51,0.52,0.52,0.5,212.0,274.0,275.0,222.0,20252026
2025-11-02,TOR,BOS,3,5,0.49,0.47,0.48,0.48,267.0,229.0,222.0,271.0,20252026
2025-11-02,MTL,UTA,6,2,0.5,0.5,0.5,0.5,250.0,250.0,250.0,250.0,20252026
2025-11-02,TBL,WSH,3,2,0.53,0.51,0.52,0.5,292.0,216.0,286.0,229.0,20252026
2025-11-02,NYR,NYI,0,5,0.48,0.5,0.48,0.5,255.0,255.0,222.0,257.0,20252026
2025-11-02,CAR,BUF,6,3,0.55,0.59,0.48,0.5,266.0,230.0,265.0,287.0,20252026
2025-11-02,STL,SEA,3,4,0.49,0.49,0.47,0.48,250.0,231.0,245.0,262.0,20252026
2025-11-02,EDM,COL,1,9,0.55,0.54,0.53,0.54,259.0,235.0,273.0,231.0,20252026
2025-11-02,VAN,CBJ,4,3,0.49,0.49,0.48,0.49,233.0,251.0,267.0,267.0,20252026
2025-11-02,VGK,ANA,3,4,0.54,0.51,0.45,0.46,274.0,214.0,217.0,261.0,20252026
2025-11-02,SJS,FLA,3,1,0.43,0.46,0.55,0.56,208.0,310.0,246.0,223.0,20252026
2025-11-03,DET,CHI,1,5,0.49,0.48,0.43,0.44,235.0,259.0,224.0,292.0,20252026
2025-11-03,PIT,LAK,2,3,0.49,0.5,0.54,0.53,242.0,287.0,249.0,203.0,20252026
2025-11-03,TOR,CAR,4,5,0.49,0.47,0.55,0.59,267.0,229.0,266.0,230.0,20252026
2025-11-03,OTT,UTA,4,2,0.5,0.5,0.5,0.5,250.0,250.0,250.0,250.0,20252026
2025-11-03,DAL,SEA,2,1,0.52,0.5,0.47,0.48,275.0,222.0,245.0,262.0,20252026
2025-11-03,MIN,CGY,2,0,0.5,0.48,0.49,0.51,225.0,236.0,220.0,236.0,20252026
2025-11-03,VAN,COL,4,5,0.49,0.49,0.53,0.54,233.0,251.0,273.0,231.0,20252026
2025-11-03,ANA,WPG,4,1,0.45,0.46,0.53,0.5,217.0,261.0,275.0,190.0,20252026
2025-11-04,NJD,NYI,2,3,0.53,0.52,0.48,0.5,240.0,220.0,222.0,257.0,20252026
2025-11-04,NYR,NSH,6,3,0.48,0.5,0.51,0.52,255.0,255.0,212.0,274.0,20252026
2025-11-04,EDM,CBJ,5,4,0.55,0.54,0.48,0.49,259.0,235.0,267.0,267.0,20252026
2025-11-04,VGK,FLA,2,3,0.54,0.51,0.55,0.56,274.0,214.0,246.0,223.0,20252026
2025-11-05,BOS,TOR,5,3,0.48,0.48,0.49,0.47,222.0,271.0,267.0,229.0,20252026
2025-11-05,MTL,LAK,1,5,0.46,0.47,0.54,0.53,243.0,261.0,249.0,203.0,20252026
2025-11-05,OTT,DAL,2,3,0.5,0.51,0.52,0.5,242.0,232.0,275.0,222.0,20252026
2025-11-05,CAR,WSH,1,4,0.55,0.59,0.52,0.5,266.0,230.0,286.0,229.0,20252026
2025-11-05,STL,CGY,3,2,0.49,0.49,0.49,0.51,250.0,231.0,220.0,236.0,20252026
2025-11-05,MIN,SJS,1,2,0.5,0.48,0.43,0.46,225.0,236.0,208.0,310.0,20252026
2025-11-05,COL,ANA,4,1,0.53,0.54,0.45,0.46,273.0,231.0,217.0,261.0,20252026
2025-11-05,VAN,WPG,3,5,0.49,0.49,0.53,0.5,233.0,251.0,275.0,190.0,20252026
2025-11-05,SEA,CBJ,1,2,0.47,0.48,0.48,0.49,245.0,262.0,267.0,267.0,20252026
2025-11-06,TBL,NYR,3,7,0.53,0.51,0.48,0.5,292.0,216.0,255.0,255.0,20252026
2025-11-06,PHI,EDM,1,2,0.51,0.48,0.55,0.54,232.0,283.0,259.0,235.0,20252026
2025-11-06,UTA,BUF,5,2,0.5,0.5,0.5,0.5,250.0,250.0,250.0,250.0,20252026
2025-11-06,CHI,NJD,3,4,0.43,0.44,0.53,0.52,224.0,292.0,240.0,220.0,20252026
2025-11-07,TOR,LAK,3,4,0.49,0.47,0.54,0.53,267.0,229.0,249.0,203.0,20252026
2025-11-07,MTL,DAL,0,7,0.46,0.47,0.52,0.5,243.0,261.0,275.0,222.0,20252026
2025-11-07,OTT,BOS,5,3,0.5,0.51,0.48,0.48,242.0,232.0,222.0,271.0,20252026
2025-11-07,DET,ANA,6,3,0.49,0.48,0.45,0.46,235.0,259.0,217.0,261.0,20252026
2025-11-07,FLA,WSH,6,3,0.55,0.56,0.52,0.5,246.0,223.0,286.0,229.0,20252026
2025-11-07,CBJ,EDM,5,4,0.48,0.49,0.55,0.54,267.0,267.0,259.0,235.0,20252026
2025-11-07,COL,BUF,6,3,0.53,0.54,0.48,0.5,273.0,231.0,265.0,287.0,20252026
2025-11-07,CGY,SJS,2,0,0.49,0.51,0.43,0.46,220.0,236.0,208.0,310.0,20252026
2025-11-07,VGK,NYI,3,4,0.54,0.51,0.48,0.5,274.0,214.0,222.0,257.0,20252026
2025-11-07,SEA,WPG,5,3,0.47,0.48,0.53,0.5,245.0,262.0,275.0,190.0,20252026
2025-11-08,NSH,PIT,2,1,0.51,0.52,0.49,0.5,212.0,274.0,242.0,287.0,20252026
2025-11-08,CAR,VAN,4,3,0.55,0.59,0.49,0.49,266.0,230.0,233.0,251.0,20252026
2025-11-08,STL,PHI,5,6,0.49,0.49,0.51,0.48,250.0,231.0,232.0,283.0,20252026
2025-11-08,UTA,NYI,2,3,0.5,0.5,0.5,0.5,250.0,250.0,250.0,250.0,20252026
2025-11-09,FLA,TBL,1,3,0.55,0.56,0.53,0.51,246.0,223.0,292.0,216.0,20252026
2025-11-09,MIN,ANA,2,0,0.5,0.48,0.45,0.46,225.0,236.0,217.0,261.0,20252026
2025-11-09,MTL,BOS,2,3,0.46,0.47,0.48,0.48,243.0,261.0,222.0,271.0,20252026
2025-11-09,OTT,LAK,0,1,0.5,0.51,0.54,0.53,242.0,232.0,249.0,203.0,20252026
2025-11-09,DET,BUF,4,5,0.49,0.48,0.48,0.5,235.0,259.0,265.0,287.0,20252026
2025-11-09,WSH,NJD,2,3,0.52,0.5,0.53,0.52,286.0,229.0,240.0,220.0,20252026
2025-11-09,CAR,EDM,3,4,0.55,0.59,0.55,0.54,266.0,230.0,259.0,235.0,20252026
2025-11-09,CBJ,NYR,1,2,0.48,0.49,0.48,0.5,267.0,267.0,255.0,255.0,20252026
2025-11-09,CHI,TOR,3,2,0.43,0.44,0.49,0.47,224.0,292.0,267.0,229.0,20252026
2025-11-09,STL,VGK,1,4,0.49,0.49,0.54,0.51,250.0,231.0,274.0,214.0,20252026
2025-11-09,DAL,PHI,5,1,0.52,0.5,0.51,0.48,275.0,222.0,232.0,283.0,20252026
2025-11-09,CGY,WPG,3,4,0.49,0.51,0.53,0.5,220.0,236.0,275.0,190.0,20252026
2025-11-09,SEA,SJS,4,1,0.47,0.48,0.43,0.46,245.0,262.0,208.0,310.0,20252026
2025-11-10,PIT,NSH,4,0,0.49,0.5,0.51,0.52,242.0,287.0,212.0,274.0,20252026
2025-11-10,TBL,VAN,2,6,0.53,0.51,0.49,0.49,292.0,216.0,233.0,251.0,20252026
2025-11-10,MIN,VGK,3,2,0.5,0.48,0.54,0.51,225.0,236.0,274.0,214.0,20252026
2025-11-10,NYR,DET,1,2,0.48,0.5,0.49,0.48,255.0,255.0,235.0,259.0,20252026
2025-11-10,COL,NYI,4,1,0.53,0.54,0.48,0.5,273.0,231.0,222.0,257.0,20252026
2025-11-11,BOS,CAR,1,3,0.48,0.48,0.55,0.59,222.0,271.0,266.0,230.0,20252026
2025-11-11,BUF,EDM,5,1,0.48,0.5,0.55,0.54,265.0,287.0,259.0,235.0,20252026
2025-11-11,FLA,VAN,8,5,0.55,0.56,0.49,0.49,246.0,223.0,233.0,251.0,20252026
2025-11-11,WSH,LAK,2,1,0.52,0.5,0.54,0.53,286.0,229.0,249.0,203.0,20252026
2025-11-11,CBJ,MTL,4,3,0.48,0.49,0.46,0.47,267.0,267.0,243.0,261.0,20252026
2025-11-11,ANA,UTA,3,2,0.5,0.5,0.5,0.5,250.0,250.0,250.0,250.0,20252026
2025-11-12,TOR,STL,3,2,0.49,0.47,0.49,0.49,267.0,229.0,250.0,231.0,20252026
2025-11-12,DET,SEA,4,2,0.49,0.48,0.47,0.48,235.0,259.0,245.0,262.0,20252026
2025-11-12,TBL,NJD,5,1,0.53,0.51,0.53,0.52,292.0,216.0,240.0,220.0,20252026
2025-11-12,DAL,NYI,2,3,0.52,0.5,0.48,0.5,275.0,222.0,222.0,257.0,20252026
2025-11-12,WPG,CBJ,5,2,0.53,0.5,0.48,0.49,275.0,190.0,267.0,267.0,20252026
2025-11-12,CHI,CGY,5,2,0.43,0.44,0.49,0.51,224.0,292.0,220.0,236.0,20252026
2025-11-12,VGK,NYR,3,2,0.54,0.51,0.48,0.5,274.0,214.0,255.0,255.0,20252026
2025-11-12,SJS,UTA,3,2,0.5,0.5,0.5,0.5,250.0,250.0,250.0,250.0,20252026
2025-11-13,WSH,EDM,7,4,0.52,0.5,0.55,0.54,286.0,229.0,259.0,235.0,20252026
2025-11-13,BUF,CGY,2,6,0.48,0.5,0.49,0.51,265.0,287.0,220.0,236.0,20252026
2025-11-13,MIN,CAR,4,3,0.5,0.48,0.55,0.59,225.0,236.0,266.0,230.0,20252026
2025-11-13,ANA,BOS,4,3,0.45,0.46,0.48,0.48,217.0,261.0,222.0,271.0,20252026
2025-11-14,TOR,CBJ,2,3,0.49,0.47,0.48,0.49,267.0,229.0,267.0,267.0,20252026
2025-11-14,MTL,WSH,4,8,0.46,0.47,0.52,0.5,243.0,261.0,286.0,229.0,20252026
2025-11-14,DET,NYI,0,5,0.49,0.48,0.48,0.5,235.0,259.0,222.0,257.0,20252026
2025-11-14,FLA,NJD,1,0,0.55,0.56,0.53,0.52,246.0,223.0,240.0,220.0,20252026
2025-11-14,PHI,STL,3,2,0.51,0.48,0.49,0.49,232.0,283.0,250.0,231.0,20252026
2025-11-14,TBL,EDM,2,1,0.53,0.51,0.55,0.54,292.0,216.0,259.0,235.0,20252026
2025-11-14,CHI,SEA,2,3,0.43,0.44,0.47,0.48,224.0,292.0,245.0,262.0,20252026
2025-11-14,COL,NYR,6,3,0.53,0.54,0.48,0.5,273.0,231.0,255.0,255.0,20252026
2025-11-14,UTA,VGK,1,4,0.5,0.5,0.5,0.5,250.0,250.0,250.0,250.0,20252026
2025-11-14,VAN,DAL,2,4,0.49,0.49,0.52,0.5,233.0,251.0,275.0,222.0,20252026
2025-11-14,ANA,OTT,2,3,0.45,0.46,0.5,0.51,217.0,261.0,242.0,232.0,20252026
2025-11-14,SJS,LAK,4,3,0.43,0.46,0.54,0.53,208.0,310.0,249.0,203.0,20252026
2025-11-15,BUF,CHI,9,3,0.48,0.5,0.43,0.44,265.0,287.0,224.0,292.0,20252026
2025-11-15,PIT,MIN,0,5,0.49,0.5,0.5,0.48,242.0,287.0,225.0,236.0,20252026
2025-11-15,WPG,CAR,3,4,0.53,0.5,0.55,0.59,275.0,190.0,266.0,230.0,20252026
2025-11-15,LAK,BOS,1,2,0.54,0.53,0.48,0.48,249.0,203.0,222.0,271.0,20252026
2025-11-16,DET,CBJ,4,3,0.49,0.48,0.48,0.49,235.0,259.0,267.0,267.0,20252026
2025-11-16,NYI,STL,1,2,0.48,0.5,0.49,0.49,222.0,257.0,250.0,231.0,20252026
2025-11-16,MTL,TOR,5,2,0.46,0.47,0.49,0.47,243.0,261.0,267.0,229.0,20252026
2025-11-16,FLA,EDM,3,6,0.55,0.56,0.55,0.54,246.0,223.0,259.0,235.0,20252026
2025-11-16,PHI,NJD,6,3,0.51,0.48,0.53,0.52,232.0,283.0,240.0,220.0,20252026
2025-11-16,PIT,SEA,2,3,0.49,0.5,0.47,0.48,242.0,287.0,245.0,262.0,20252026
2025-11-16,WSH,TBL,3,5,0.52,0.5,0.53,0.51,286.0,229.0,292.0,216.0,20252026
2025-11-16,SJS,OTT,2,3,0.43,0.46,0.5,0.51,208.0,310.0,242.0,232.0,20252026
2025-11-16,NSH,COL,0,3,0.51,0.52,0.53,0.54,212.0,274.0,273.0,231.0,20252026
2025-11-16,UTA,NYR,3,2,0.5,0.5,0.5,0.5,250.0,250.0,250.0,250.0,20252026
2025-11-16,CGY,DAL,3,2,0.49,0.51,0.52,0.5,220.0,236.0,275.0,222.0,20252026
2025-11-16,ANA,VGK,4,3,0.45,0.46,0.54,0.51,217.0,261.0,274.0,214.0,20252026
2025-11-17,BUF,CAR,4,1,0.48,0.5,0.55,0.59,265.0,287.0,266.0,230.0,20252026
2025-11-17,WPG,MIN,0,3,0.53,0.5,0.5,0.48,275.0,190.0,225.0,236.0,20252026
2025-11-17,NYI,SEA,1,0,0.48,0.5,0.47,0.48,222.0,257.0,245.0,262.0,20252026
2025-11-17,CHI,COL,0,1,0.43,0.44,0.53,0.54,224.0,292.0,273.0,231.0,20252026
2025-11-17,SJS,BOS,3,1,0.43,0.46,0.48,0.48,208.0,310.0,222.0,271.0,20252026
2025-11-17,VAN,CGY,2,5,0.49,0.49,0.49,0.51,233.0,251.0,220.0,236.0,20252026
2025-11-18,TBL,PHI,3,0,0.53,0.51,0.51,0.48,292.0,216.0,232.0,283.0,20252026
2025-11-18,NJD,DET,4,3,0.53,0.52,0.49,0.48,240.0,220.0,235.0,259.0,20252026
2025-11-18,NYR,STL,3,2,0.48,0.5,0.49,0.49,255.0,255.0,250.0,231.0,20252026
2025-11-18,WSH,CBJ,5,1,0.52,0.5,0.48,0.49,286.0,229.0,267.0,267.0,20252026
2025-11-18,NSH,FLA,3,8,0.51,0.52,0.55,0.56,212.0,274.0,246.0,223.0,20252026
2025-11-18,UTA,VGK,5,1,0.5,0.5,0.5,0.5,250.0,250.0,250.0,250.0,20252026
2025-11-18,LAK,OTT,2,1,0.54,0.53,0.5,0.51,249.0,203.0,242.0,232.0,20252026
2025-11-19,EDM,DAL,3,8,0.55,0.54,0.52,0.5,259.0,235.0,275.0,222.0,20252026
2025-11-20,DET,NSH,3,6,0.49,0.48,0.51,0.52,235.0,259.0,212.0,274.0,20252026
2025-11-20,TBL,CGY,5,1,0.53,0.51,0.49,0.51,292.0,216.0,220.0,236.0,20252026
2025-11-20,FLA,PHI,2,4,0.55,0.56,0.51,0.48,246.0,223.0,232.0,283.0,20252026
2025-11-20,NJD,STL,3,2,0.53,0.52,0.49,0.49,240.0,220.0,250.0,231.0,20252026
2025-11-20,NYI,BOS,1,3,0.48,0.5,0.48,0.48,222.0,257.0,222.0,271.0,20252026
2025-11-20,PIT,BUF,4,2,0.49,0.5,0.48,0.5,242.0,287.0,265.0,287.0,20252026
2025-11-20,WSH,WPG,4,3,0.52,0.5,0.53,0.5,286.0,229.0,275.0,190.0,20252026
2025-11-20,CAR,NYR,2,4,0.55,0.59,0.48,0.5,266.0,230.0,255.0,255.0,20252026
2025-11-20,CBJ,TOR,1,2,0.48,0.49,0.49,0.47,267.0,267.0,267.0,229.0,20252026
2025-11-20,CHI,MIN,3,4,0.43,0.44,0.5,0.48,224.0,292.0,225.0,236.0,20252026
2025-11-20,COL,SJS,6,0,0.53,0.54,0.43,0.46,273.0,231.0,208.0,310.0,20252026
2025-11-20,UTA,MTL,3,4,0.5,0.5,0.5,0.5,250.0,250.0,250.0,250.0,20252026
2025-11-20,VGK,OTT,3,4,0.54,0.51,0.5,0.51,274.0,214.0,242.0,232.0,20252026
2025-11-20,ANA,VAN,4,5,0.45,0.46,0.49,0.49,217.0,261.0,233.0,251.0,20252026
2025-11-20,SEA,DAL,2,3,0.47,0.48,0.52,0.5,245.0,262.0,275.0,222.0,20252026
2025-11-22,DET,TBL,3,6,0.49,0.48,0.53,0.51,235.0,259.0,292.0,216.0,20252026
2025-11-22,BOS,NYR,2,6,0.48,0.48,0.48,0.5,222.0,271.0,255.0,255.0,20252026
2025-11-22,MIN,COL,3,2,0.5,0.48,0.53,0.54,225.0,236.0,273.0,231.0,20252026
2025-11-22,BUF,NJD,0,5,0.48,0.5,0.53,0.52,265.0,287.0,240.0,220.0,20252026
2025-11-22,FLA,CGY,3,5,0.55,0.56,0.49,0.51,246.0,223.0,220.0,236.0,20252026
2025-11-22,NYI,PHI,3,4,0.48,0.5,0.51,0.48,222.0,257.0,232.0,283.0,20252026
2025-11-22,STL,OTT,4,3,0.49,0.49,0.5,0.51,250.0,231.0,242.0,232.0,20252026
2025-11-22,VGK,MTL,1,4,0.54,0.51,0.46,0.47,274.0,214.0,243.0,261.0,20252026
2025-11-22,ANA,LAK,5,4,0.45,0.46,0.54,0.53,217.0,261.0,249.0,203.0,20252026
2025-11-22,SJS,VAN,3,2,0.43,0.46,0.49,0.49,208.0,310.0,233.0,251.0,20252026
2025-11-22,WSH,TOR,4,2,0.52,0.5,0.49,0.47,286.0,229.0,267.0,229.0,20252026
2025-11-22,CAR,WPG,5,1,0.55,0.59,0.53,0.5,266.0,230.0,275.0,190.0,20252026
2025-11-22,CBJ,PIT,3,4,0.48,0.49,0.49,0.5,267.0,267.0,242.0,287.0,20252026
2025-11-22,CHI,NSH,3,4,0.43,0.44,0.51,0.52,224.0,292.0,212.0,274.0,20252026
2025-11-22,DAL,UTA,4,3,0.5,0.5,0.5,0.5,250.0,250.0,250.0,250.0,20252026
2025-11-23,NYR,TBL,1,4,0.48,0.5,0.53,0.51,255.0,255.0,292.0,216.0,20252026
2025-11-23,COL,MTL,7,2,0.53,0.54,0.46,0.47,273.0,231.0,243.0,261.0,20252026
2025-11-23,SEA,EDM,0,4,0.47,0.48,0.55,0.54,245.0,262.0,259.0,235.0,20252026
2025-11-23,BOS,DET,3,2,0.48,0.48,0.49,0.48,222.0,271.0,235.0,259.0,20252026
2025-11-23,NJD,PHI,3,5,0.53,0.52,0.51,0.48,240.0,220.0,232.0,283.0,20252026
2025-11-23,PIT,TOR,2,7,0.49,0.5,0.49,0.47,242.0,287.0,267.0,229.0,20252026
2025-11-23,NSH,WPG,2,5,0.51,0.52,0.53,0.5,212.0,274.0,275.0,190.0,20252026
2025-11-23,STL,UTA,1,0,0.5,0.5,0.5,0.5,250.0,250.0,250.0,250.0,20252026
2025-11-23,MIN,BUF,2,3,0.5,0.48,0.48,0.5,225.0,236.0,265.0,287.0,20252026
2025-11-23,VGK,SJS,4,3,0.54,0.51,0.43,0.46,274.0,214.0,208.0,310.0,20252026
2025-11-23,LAK,VAN,2,1,0.54,0.53,0.49,0.49,249.0,203.0,233.0,251.0,20252026
2025-11-24,NYI,WSH,1,4,0.48,0.5,0.52,0.5,222.0,257.0,286.0,229.0,20252026
2025-11-24,CHI,ANA,5,3,0.43,0.44,0.45,0.46,224.0,292.0,217.0,261.0,20252026
2025-11-24,CAR,CGY,1,0,0.55,0.59,0.49,0.51,266.0,230.0,220.0,236.0,20252026
2025-11-24,DAL,OTT,6,1,0.52,0.5,0.5,0.51,275.0,222.0,242.0,232.0,20252026
2025-11-25,NJD,CBJ,3,5,0.53,0.52,0.48,0.49,240.0,220.0,267.0,267.0,20252026
2025-11-25,PHI,PIT,1,5,0.51,0.48,0.49,0.5,232.0,283.0,242.0,287.0,20252026
2025-11-25,BUF,WPG,5,1,0.48,0.5,0.53,0.5,265.0,287.0,275.0,190.0,20252026
2025-11-25,STL,ANA,1,4,0.49,0.49,0.45,0.46,250.0,231.0,217.0,261.0,20252026
2025-11-25,SJS,UTA,6,3,0.5,0.5,0.5,0.5,250.0,250.0,250.0,250.0,20252026
2025-11-26,MTL,OTT,2,5,0.46,0.47,0.5,0.51,243.0,261.0,242.0,232.0,20252026
2025-11-26,DET,BOS,5,4,0.49,0.48,0.48,0.48,235.0,259.0,222.0,271.0,20252026
2025-11-26,NYI,TBL,2,1,0.48,0.5,0.53,0.51,222.0,257.0,292.0,216.0,20252026
2025-11-26,NYR,DAL,3,2,0.48,0.5,0.52,0.5,255.0,255.0,275.0,222.0,20252026
2025-11-26,FLA,TOR,1,4,0.55,0.56,0.49,0.47,246.0,223.0,267.0,229.0,20252026
2025-11-26,NSH,CGY,5,1,0.51,0.52,0.49,0.51,212.0,274.0,220.0,236.0,20252026
2025-11-26,COL,VAN,3,1,0.53,0.54,0.49,0.49,273.0,231.0,233.0,251.0,20252026
2025-11-26,EDM,MIN,0,1,0.55,0.54,0.5,0.48,259.0,235.0,225.0,236.0,20252026
2025-11-26,VGK,CHI,4,3,0.54,0.51,0.43,0.44,274.0,214.0,224.0,292.0,20252026
2025-11-26,LAK,WSH,1,3,0.54,0.53,0.52,0.5,249.0,203.0,286.0,229.0,20252026
2025-11-27,NJD,DAL,0,3,0.53,0.52,0.52,0.5,240.0,220.0,275.0,222.0,20252026
2025-11-27,MTL,WPG,3,2,0.46,0.47,0.53,0.5,243.0,261.0,275.0,190.0,20252026
2025-11-27,PHI,BUF,5,2,0.51,0.48,0.48,0.5,232.0,283.0,265.0,287.0,20252026
2025-11-27,ANA,UTA,0,7,0.5,0.5,0.5,0.5,250.0,250.0,250.0,250.0,20252026
2025-11-27,SJS,WSH,1,7,0.43,0.46,0.52,0.5,208.0,310.0,286.0,229.0,20252026
2025-11-28,BOS,STL,5,2,0.48,0.48,0.49,0.49,222.0,271.0,250.0,231.0,20252026
2025-11-28,OTT,NYR,2,4,0.5,0.51,0.48,0.5,242.0,232.0,255.0,255.0,20252026
2025-11-28,TBL,PIT,3,4,0.53,0.51,0.49,0.5,292.0,216.0,242.0,287.0,20252026
2025-11-28,FLA,NSH,1,2,0.55,0.56,0.51,0.52,246.0,223.0,212.0,274.0,20252026
2025-11-28,NYI,COL,6,3,0.48,0.5,0.53,0.54,222.0,257.0,273.0,231.0,20252026
2025-11-28,CAR,TOR,1,5,0.55,0.59,0.49,0.47,266.0,230.0,267.0,229.0,20252026
2025-11-28,CBJ,DET,6,5,0.48,0.49,0.49,0.48,267.0,267.0,235.0,259.0,20252026
2025-11-28,CGY,MIN,4,1,0.49,0.51,0.5,0.48,220.0,236.0,225.0,236.0,20252026
2025-11-28,EDM,SEA,9,4,0.55,0.54,0.47,0.48,259.0,235.0,245.0,262.0,20252026
2025-11-28,LAK,CHI,1,2,0.54,0.53,0.43,0.44,249.0,203.0,224.0,292.0,20252026
2025-11-29,NJD,VGK,0,3,0.53,0.52,0.54,0.51,240.0,220.0,274.0,214.0,20252026
2025-11-29,WPG,BUF,4,1,0.53,0.5,0.48,0.5,275.0,190.0,265.0,287.0,20252026
2025-11-29,DAL,SJS,4,1,0.52,0.5,0.43,0.46,275.0,222.0,208.0,310.0,20252026
2025-11-29,VAN,UTA,1,4,0.5,0.5,0.5,0.5,250.0,250.0,250.0,250.0,20252026
2025-11-29,ANA,WSH,4,3,0.45,0.46,0.52,0.5,217.0,261.0,286.0,229.0,20252026
2025-11-30,NYR,COL,2,3,0.48,0.5,0.53,0.54,255.0,255.0,273.0,231.0,20252026
2025-11-30,FLA,CBJ,7,6,0.55,0.56,0.48,0.49,246.0,223.0,267.0,267.0,20252026
2025-11-30,BOS,NJD,4,1,0.48,0.48,0.53,0.52,222.0,271.0,240.0,220.0,20252026
2025-11-30,TOR,MTL,1,2,0.49,0.47,0.46,0.47,267.0,229.0,243.0,261.0,20252026
2025-11-30,OTT,STL,1,2,0.5,0.51,0.49,0.49,242.0,232.0,250.0,231.0,20252026
2025-11-30,TBL,NYI,0,2,0.53,0.51,0.48,0.5,292.0,216.0,222.0,257.0,20252026
2025-11-30,CAR,NSH,6,3,0.55,0.59,0.51,0.52,266.0,230.0,212.0,274.0,20252026
2025-11-30,CGY,UTA,2,0,0.5,0.5,0.5,0.5,250.0,250.0,250.0,250.0,20252026
2025-11-30,LAK,CHI,6,0,0.54,0.53,0.43,0.44,249.0,203.0,224.0,292.0,20252026
2025-11-30,EDM,WPG,6,2,0.55,0.54,0.53,0.5,259.0,235.0,275.0,190.0,20252026
2025-11-30,VAN,MIN,4,2,0.49,0.49,0.5,0.48,233.0,251.0,225.0,236.0,20252026
2025-11-30,SEA,DET,3,4,0.47,0.48,0.49,0.48,245.0,262.0,235.0,259.0,20252026
2025-12-01,PHI,COL,2,3,0.51,0.48,0.53,0.54,232.0,283.0,273.0,231.0,20252026
2025-12-01,FLA,NYI,4,1,0.55,0.56,0.48,0.5,246.0,223.0,222.0,257.0,20252026
2025-12-01,CAR,SJS,1,4,0.55,0.59,0.43,0.46,266.0,230.0,208.0,310.0,20252026
2025-12-01,DAL,PIT,3,2,0.52,0.5,0.49,0.5,275.0,222.0,242.0,287.0,20252026
2025-12-01,MTL,STL,3,4,0.46,0.47,0.49,0.49,243.0,261.0,250.0,231.0,20252026
2025-12-01,NYR,VGK,2,3,0.48,0.5,0.54,0.51,255.0,255.0,274.0,214.0,20252026
2025-12-01,WSH,CBJ,2,0,0.52,0.5,0.48,0.49,286.0,229.0,267.0,267.0,20252026
2025-12-01,ANA,CHI,7,1,0.45,0.46,0.43,0.44,217.0,261.0,224.0,292.0,20252026
2025-12-02,TOR,TBL,2,0,0.49,0.47,0.53,0.51,267.0,229.0,292.0,216.0,20252026
2025-12-02,UTA,LAK,2,4,0.5,0.5,0.5,0.5,250.0,250.0,250.0,250.0,20252026
2025-12-02,CGY,BUF,7,4,0.49,0.51,0.48,0.5,220.0,236.0,265.0,287.0,20252026
2025-12-02,VAN,DET,0,4,0.49,0.49,0.49,0.48,233.0,251.0,235.0,259.0,20252026
2025-12-02,SEA,MIN,1,4,0.47,0.48,0.5,0.48,245.0,262.0,225.0,236.0,20252026
2025-12-03,MTL,TBL,1,6,0.46,0.47,0.53,0.51,243.0,261.0,292.0,216.0,20252026
2025-12-03,OTT,NJD,3,4,0.5,0.51,0.53,0.52,242.0,232.0,240.0,220.0,20252026
2025-12-03,NYI,VGK,5,4,0.48,0.5,0.54,0.51,222.0,257.0,274.0,214.0,20252026
2025-12-03,PHI,SJS,4,1,0.51,0.48,0.43,0.46,232.0,283.0,208.0,310.0,20252026
2025-12-03,PIT,ANA,3,4,0.49,0.5,0.45,0.46,242.0,287.0,217.0,261.0,20252026
2025-12-03,CAR,CBJ,4,1,0.55,0.59,0.48,0.49,266.0,230.0,267.0,267.0,20252026
2025-12-03,STL,BOS,2,5,0.49,0.49,0.48,0.48,250.0,231.0,222.0,271.0,20252026
2025-12-03,WPG,DAL,3,4,0.53,0.5,0.52,0.5,275.0,190.0,275.0,222.0,20252026
2025-12-03,EDM,BUF,3,4,0.55,0.54,0.48,0.5,259.0,235.0,265.0,287.0,20252026
2025-12-03,NSH,COL,4,3,0.51,0.52,0.53,0.54,212.0,274.0,273.0,231.0,20252026
2025-12-04,CHI,NYR,3,0,0.43,0.44,0.48,0.5,224.0,292.0,255.0,255.0,20252026
2025-12-04,CGY,DET,3,4,0.49,0.51,0.49,0.48,220.0,236.0,235.0,259.0,20252026
2025-12-04,UTA,FLA,3,4,0.5,0.5,0.5,0.5,250.0,250.0,250.0,250.0,20252026
2025-12-04,SEA,LAK,3,2,0.47,0.48,0.54,0.53,245.0,262.0,249.0,203.0,20252026
2025-12-05,TOR,SJS,2,3,0.49,0.47,0.43,0.46,267.0,229.0,208.0,310.0,20252026
2025-12-05,NJD,TBL,4,8,0.53,0.52,0.53,0.51,240.0,220.0,292.0,216.0,20252026
2025-12-05,NYI,ANA,5,2,0.48,0.5,0.45,0.46,222.0,257.0,217.0,261.0,20252026
2025-12-05,PHI,VGK,2,3,0.51,0.48,0.54,0.51,232.0,283.0,274.0,214.0,20252026
2025-12-05,PIT,MTL,2,4,0.49,0.5,0.46,0.47,242.0,287.0,243.0,261.0,20252026
2025-12-05,WSH,CAR,2,3,0.52,0.5,0.55,0.59,286.0,229.0,266.0,230.0,20252026
2025-12-05,CBJ,OTT,3,6,0.48,0.49,0.5,0.51,267.0,267.0,242.0,232.0,20252026
2025-12-05,NSH,STL,7,2,0.51,0.52,0.49,0.49,212.0,274.0,250.0,231.0,20252026
2025-12-05,MIN,DAL,5,2,0.5,0.48,0.52,0.5,225.0,236.0,275.0,222.0,20252026
2025-12-05,WPG,BOS,3,6,0.53,0.5,0.48,0.48,275.0,190.0,222.0,271.0,20252026
2025-12-05,EDM,DET,4,1,0.55,0.54,0.49,0.48,259.0,235.0,235.0,259.0,20252026
2025-12-05,COL,FLA,6,2,0.53,0.54,0.55,0.56,273.0,231.0,246.0,223.0,20252026
2025-12-05,VAN,BUF,2,3,0.49,0.49,0.48,0.5,233.0,251.0,265.0,287.0,20252026
2025-12-06,STL,CHI,3,2,0.49,0.49,0.43,0.44,250.0,231.0,224.0,292.0,20252026
2025-12-06,UTA,SEA,5,3,0.5,0.5,0.5,0.5,250.0,250.0,250.0,250.0,20252026
2025-12-07,NJD,ANA,4,1,0.53,0.52,0.45,0.46,240.0,220.0,217.0,261.0,20252026
2025-12-07,MIN,OTT,3,2,0.5,0.48,0.5,0.51,225.0,236.0,242.0,232.0,20252026
2025-12-07,PIT,SJS,5,6,0.49,0.5,0.43,0.46,242.0,287.0,208.0,310.0,20252026
2025-12-07,NYI,TBL,3,2,0.48,0.5,0.53,0.51,222.0,257.0,292.0,216.0,20252026
2025-12-07,TOR,EDM,3,6,0.49,0.47,0.55,0.54,267.0,229.0,259.0,235.0,20252026
2025-12-07,NYR,MTL,5,4,0.48,0.5,0.46,0.47,255.0,255.0,243.0,261.0,20252026
2025-12-07,PHI,CAR,3,4,0.51,0.48,0.55,0.59,232.0,283.0,266.0,230.0,20252026
2025-12-07,CBJ,VGK,2,3,0.48,0.49,0.54,0.51,267.0,267.0,274.0,214.0,20252026
2025-12-07,WPG,WSH,5,1,0.53,0.5,0.52,0.5,275.0,190.0,286.0,229.0,20252026
2025-12-07,CHI,DET,0,4,0.43,0.44,0.49,0.48,224.0,292.0,235.0,259.0,20252026
2025-12-07,DAL,FLA,0,4,0.52,0.5,0.55,0.56,275.0,222.0,246.0,223.0,20252026
2025-12-07,COL,NSH,4,2,0.53,0.54,0.51,0.52,273.0,231.0,212.0,274.0,20252026
2025-12-07,LAK,CGY,1,2,0.54,0.53,0.49,0.51,249.0,203.0,220.0,236.0,20252026
2025-12-08,NJD,VAN,1,2,0.53,0.52,0.49,0.49,240.0,220.0,233.0,251.0,20252026
2025-12-08,PIT,UTA,4,5,0.5,0.5,0.5,0.5,250.0,250.0,250.0,250.0,20252026
2025-12-08,CAR,PHI,3,2,0.55,0.59,0.51,0.48,266.0,230.0,232.0,283.0,20252026
2025-12-08,MIN,BOS,6,2,0.5,0.48,0.48,0.48,225.0,236.0,222.0,271.0,20252026
2025-12-08,MTL,EDM,4,1,0.46,0.47,0.55,0.54,243.0,261.0,259.0,235.0,20252026
2025-12-08,SEA,BUF,1,3,0.47,0.48,0.48,0.5,245.0,262.0,265.0,287.0,20252026
2025-12-09,TBL,FLA,2,5,0.53,0.51,0.55,0.56,292.0,216.0,246.0,223.0,20252026
2025-12-09,NYR,ANA,1,4,0.48,0.5,0.45,0.46,255.0,255.0,217.0,261.0,20252026
2025-12-09,WPG,OTT,2,3,0.53,0.5,0.5,0.51,275.0,190.0,242.0,232.0,20252026
2025-12-09,STL,NSH,2,5,0.49,0.49,0.51,0.52,250.0,231.0,212.0,274.0,20252026
2025-12-09,DAL,LAK,4,1,0.52,0.5,0.54,0.53,275.0,222.0,249.0,203.0,20252026
2025-12-10,BOS,UTA,4,1,0.5,0.5,0.5,0.5,250.0,250.0,250.0,250.0,20252026
2025-12-10,TOR,CHI,3,2,0.49,0.47,0.43,0.44,267.0,229.0,224.0,292.0,20252026
2025-12-10,MTL,PHI,1,4,0.46,0.47,0.51,0.48,243.0,261.0,232.0,283.0,20252026
2025-12-10,DET,NYI,3,2,0.49,0.48,0.48,0.5,235.0,259.0,222.0,257.0,20252026
2025-12-10,NYR,VAN,0,3,0.48,0.5,0.49,0.49,255.0,255.0,233.0,251.0,20252026
2025-12-10,CBJ,ANA,4,3,0.48,0.49,0.45,0.46,267.0,267.0,217.0,261.0,20252026
2025-12-10,PIT,EDM,4,6,0.49,0.5,0.55,0.54,242.0,287.0,259.0,235.0,20252026
2025-12-10,MIN,WSH,5,0,0.5,0.48,0.52,0.5,225.0,236.0,286.0,229.0,20252026
2025-12-10,SJS,CGY,6,3,0.43,0.46,0.49,0.51,208.0,310.0,220.0,236.0,20252026
2025-12-10,SEA,COL,3,5,0.47,0.48,0.53,0.54,245.0,262.0,273.0,231.0,20252026
2025-12-11,FLA,LAK,3,2,0.55,0.56,0.54,0.53,246.0,223.0,249.0,203.0,20252026
2025-12-11,DET,UTA,1,4,0.5,0.5,0.5,0.5,250.0,250.0,250.0,250.0,20252026
2025-12-11,STL,WPG,1,0,0.49,0.49,0.53,0.5,250.0,231.0,275.0,190.0,20252026
2025-12-11,NSH,CAR,1,4,0.51,0.52,0.55,0.59,212.0,274.0,266.0,230.0,20252026
2025-12-11,VGK,NJD,1,2,0.54,0.51,0.53,0.52,274.0,214.0,240.0,220.0,20252026
2025-12-12,BOS,EDM,1,3,0.48,0.48,0.55,0.54,222.0,271.0,259.0,235.0,20252026
2025-12-12,MTL,CHI,4,1,0.46,0.47,0.43,0.44,243.0,261.0,224.0,292.0,20252026
2025-12-12,OTT,PIT,4,0,0.5,0.51,0.49,0.5,242.0,232.0,242.0,287.0,20252026
2025-12-12,TBL,LAK,1,2,0.53,0.51,0.54,0.53,292.0,216.0,249.0,203.0,20252026
2025-12-12,WSH,TOR,4,0,0.52,0.5,0.49,0.47,286.0,229.0,267.0,229.0,20252026
2025-12-12,CBJ,MIN,2,5,0.48,0.49,0.5,0.48,267.0,267.0,225.0,236.0,20252026
2025-12-12,BUF,PHI,5,3,0.48,0.5,0.51,0.48,265.0,287.0,232.0,283.0,20252026
2025-12-12,STL,NYR,1,2,0.49,0.49,0.48,0.5,250.0,231.0,255.0,255.0,20252026
2025-12-12,CGY,SEA,4,2,0.49,0.51,0.47,0.48,220.0,236.0,245.0,262.0,20252026
2025-12-12,SJS,DAL,3,5,0.43,0.46,0.52,0.5,208.0,310.0,275.0,222.0,20252026
2025-12-13,FLA,CAR,4,3,0.55,0.56,0.55,0.59,246.0,223.0,266.0,230.0,20252026
2025-12-13,NYI,VAN,1,4,0.48,0.5,0.49,0.49,222.0,257.0,233.0,251.0,20252026
2025-12-13,COL,WPG,3,2,0.53,0.54,0.53,0.5,273.0,231.0,275.0,190.0,20252026
2025-12-13,UTA,NJD,1,2,0.5,0.5,0.5,0.5,250.0,250.0,250.0,250.0,20252026
2025-12-13,ANA,DAL,3,8,0.45,0.46,0.52,0.5,217.0,261.0,275.0,222.0,20252026
2025-12-14,NYR,PHI,5,4,0.48,0.5,0.51,0.48,255.0,255.0,232.0,283.0,20252026
2025-12-14,WSH,DET,2,5,0.52,0.5,0.49,0.48,286.0,229.0,235.0,259.0,20252026
2025-12-14,OTT,CHI,6,4,0.5,0.51,0.43,0.44,242.0,232.0,224.0,292.0,20252026
2025-12-14,MIN,EDM,5,2,0.5,0.48,0.55,0.54,225.0,236.0,259.0,235.0,20252026
2025-12-14,BUF,NYI,3,2,0.48,0.5,0.48,0.5,265.0,287.0,222.0,257.0,20252026
2025-12-14,FLA,STL,2,6,0.55,0.56,0.49,0.49,246.0,223.0,250.0,231.0,20252026
2025-12-14,BOS,VAN,4,5,0.48,0.48,0.49,0.49,222.0,271.0,233.0,251.0,20252026
2025-12-14,MTL,PIT,4,0,0.46,0.47,0.49,0.5,243.0,261.0,242.0,287.0,20252026
2025-12-14,TBL,CAR,6,4,0.53,0.51,0.55,0.59,292.0,216.0,266.0,230.0,20252026
2025-12-14,NSH,TOR,5,3,0.51,0.52,0.49,0.47,212.0,274.0,267.0,229.0,20252026
2025-12-14,CGY,VGK,6,3,0.49,0.51,0.54,0.51,220.0,236.0,274.0,214.0,20252026
2025-12-14,ANA,CBJ,4,3,0.45,0.46,0.48,0.49,217.0,261.0,267.0,267.0,20252026
2025-12-14,SJS,SEA,2,4,0.43,0.46,0.47,0.48,208.0,310.0,245.0,262.0,20252026
2025-12-15,DET,WSH,3,2,0.49,0.48,0.52,0.5,235.0,259.0,286.0,229.0,20252026
2025-12-15,MIN,COL,1,5,0.5,0.48,0.53,0.54,225.0,236.0,273.0,231.0,20252026
2025-12-15,BOS,OTT,2,6,0.48,0.48,0.5,0.51,222.0,271.0,242.0,232.0,20252026
2025-12-15,NJD,BUF,1,3,0.53,0.52,0.48,0.5,240.0,220.0,265.0,287.0,20252026
2025-12-15,PIT,MTL,4,3,0.49,0.5,0.46,0.47,242.0,287.0,243.0,261.0,20252026
2025-12-15,NSH,NYR,2,1,0.51,0.52,0.48,0.5,212.0,274.0,255.0,255.0,20252026
2025-12-15,DAL,TOR,5,1,0.52,0.5,0.49,0.47,275.0,222.0,267.0,229.0,20252026
2025-12-15,UTA,WPG,4,3,0.5,0.5,0.5,0.5,250.0,250.0,250.0,250.0,20252026
2025-12-15,EDM,VGK,4,3,0.55,0.54,0.54,0.51,259.0,235.0,274.0,214.0,20252026
2025-12-16,TBL,STL,4,1,0.53,0.51,0.49,0.49,292.0,216.0,250.0,231.0,20252026
2025-12-16,PHI,VAN,5,2,0.51,0.48,0.49,0.49,232.0,283.0,233.0,251.0,20252026
2025-12-16,ANA,SEA,1,3,0.45,0.46,0.47,0.48,217.0,261.0,245.0,262.0,20252026
2025-12-16,LAK,CBJ,1,3,0.54,0.53,0.48,0.49,249.0,203.0,267.0,267.0,20252026
2025-12-17,TOR,PIT,6,3,0.49,0.47,0.49,0.5,267.0,229.0,242.0,287.0,20252026
2025-12-17,DET,DAL,4,3,0.49,0.48,0.52,0.5,235.0,259.0,275.0,222.0,20252026
2025-12-17,WSH,NYR,3,7,0.52,0.5,0.48,0.5,286.0,229.0,255.0,255.0,20252026
2025-12-17,BOS,MTL,2,6,0.48,0.48,0.46,0.47,222.0,271.0,243.0,261.0,20252026
2025-12-17,OTT,BUF,2,3,0.5,0.51,0.48,0.5,242.0,232.0,265.0,287.0,20252026
2025-12-17,NYI,NJD,2,1,0.48,0.5,0.53,0.52,222.0,257.0,240.0,220.0,20252026
2025-12-17,CAR,FLA,2,5,0.55,0.59,0.55,0.56,266.0,230.0,246.0,223.0,20252026
2025-12-17,MIN,NSH,2,3,0.5,0.48,0.51,0.52,225.0,236.0,212.0,274.0,20252026
2025-12-17,CHI,PHI,1,3,0.43,0.44,0.51,0.48,224.0,292.0,232.0,283.0,20252026
2025-12-17,COL,UTA,1,0,0.5,0.5,0.5,0.5,250.0,250.0,250.0,250.0,20252026
2025-12-17,EDM,CGY,5,1,0.55,0.54,0.49,0.51,259.0,235.0,220.0,236.0,20252026
2025-12-17,VGK,SJS,7,2,0.54,0.51,0.43,0.46,274.0,214.0,208.0,310.0,20252026
2025-12-17,LAK,SEA,2,3,0.54,0.53,0.47,0.48,249.0,203.0,245.0,262.0,20252026
2025-12-21,NYI,NYR,2,0,0.48,0.5,0.48,0.5,222.0,257.0,255.0,255.0,20252026
2025-12-21,BUF,BOS,4,1,0.48,0.5,0.48,0.48,265.0,287.0,222.0,271.0,20252026
2025-12-21,TOR,OTT,7,5,0.49,0.47,0.5,0.51,267.0,229.0,242.0,232.0,20252026
2025-12-21,FLA,TBL,2,4,0.55,0.56,0.53,0.51,246.0,223.0,292.0,216.0,20252026
2025-12-21,NJD,WSH,3,4,0.53,0.52,0.52,0.5,240.0,220.0,286.0,229.0,20252026
2025-12-21,CAR,DET,5,2,0.55,0.59,0.49,0.48,266.0,230.0,235.0,259.0,20252026
2025-12-21,WPG,MIN,3,4,0.53,0.5,0.5,0.48,275.0,190.0,225.0,236.0,20252026
2025-12-21,STL,NSH,3,2,0.49,0.49,0.51,0.52,250.0,231.0,212.0,274.0,20252026
2025-12-21,DAL,CHI,3,4,0.52,0.5,0.43,0.44,275.0,222.0,224.0,292.0,20252026
2025-12-21,LAK,ANA,6,1,0.54,0.53,0.45,0.46,249.0,203.0,217.0,261.0,20252026
2025-12-21,CGY,EDM,3,2,0.49,0.51,0.55,0.54,220.0,236.0,259.0,235.0,20252026
2025-12-21,VAN,SJS,3,6,0.49,0.49,0.43,0.46,233.0,251.0,208.0,310.0,20252026
2025-12-21,VGK,COL,5,6,0.54,0.51,0.53,0.54,274.0,214.0,273.0,231.0,20252026
2025-12-22,TBL,MTL,5,4,0.53,0.51,0.46,0.47,292.0,216.0,243.0,261.0,20252026
2025-12-22,CBJ,NYI,4,2,0.48,0.49,0.48,0.5,267.0,267.0,222.0,257.0,20252026
2025-12-22,DET,TOR,3,2,0.49,0.48,0.49,0.47,235.0,259.0,267.0,229.0,20252026
2025-12-22,CHI,PIT,3,7,0.43,0.44,0.49,0.5,224.0,292.0,242.0,287.0,20252026
2025-12-22,SEA,PHI,4,1,0.47,0.48,0.51,0.48,245.0,262.0,232.0,283.0,20252026
2025-12-23,FLA,WSH,5,3,0.55,0.56,0.52,0.5,246.0,223.0,286.0,229.0,20252026
2025-12-23,CAR,NYR,3,2,0.55,0.59,0.48,0.5,266.0,230.0,255.0,255.0,20252026
2025-12-23,OTT,CBJ,1,4,0.5,0.51,0.48,0.49,242.0,232.0,267.0,267.0,20252026
2025-12-23,WPG,EDM,1,3,0.53,0.5,0.55,0.54,275.0,190.0,259.0,235.0,20252026
2025-12-23,STL,BUF,2,4,0.49,0.49,0.48,0.5,250.0,231.0,265.0,287.0,20252026
2025-12-23,COL,LAK,5,2,0.53,0.54,0.54,0.53,273.0,231.0,249.0,203.0,20252026
2025-12-23,UTA,NSH,3,4,0.5,0.5,0.5,0.5,250.0,250.0,250.0,250.0,20252026
2025-12-23,CGY,BOS,2,1,0.49,0.51,0.48,0.48,220.0,236.0,222.0,271.0,20252026
2025-12-23,VGK,MIN,2,5,0.54,0.51,0.5,0.48,274.0,214.0,225.0,236.0,20252026
2025-12-23,ANA,SJS,4,5,0.45,0.46,0.43,0.46,217.0,261.0,208.0,310.0,20252026
2025-12-23,SEA,VAN,2,3,0.47,0.48,0.49,0.49,245.0,262.0,233.0,251.0,20252026
2025-12-24,TOR,NJD,4,0,0.49,0.47,0.53,0.52,267.0,229.0,240.0,220.0,20252026
2025-12-24,FLA,MTL,2,3,0.55,0.56,0.46,0.47,246.0,223.0,243.0,261.0,20252026
2025-12-24,PIT,CAR,5,1,0.49,0.5,0.55,0.59,242.0,287.0,266.0,230.0,20252026
2025-12-24,CHI,NYI,2,3,0.43,0.44,0.48,0.5,224.0,292.0,222.0,257.0,20252026
2025-12-24,VAN,PHI,3,6,0.49,0.49,0.51,0.48,233.0,251.0,232.0,283.0,20252026
2025-12-25,WSH,NYR,6,3,0.52,0.5,0.48,0.5,286.0,229.0,255.0,255.0,20252026
2025-12-25,VGK,NSH,2,4,0.54,0.51,0.51,0.52,274.0,214.0,212.0,274.0,20252026
2025-12-25,ANA,TBL,3,4,0.45,0.46,0.53,0.51,217.0,261.0,292.0,216.0,20252026
2025-12-25,SJS,MIN,4,3,0.43,0.46,0.5,0.48,208.0,310.0,225.0,236.0,20252026
2025-12-25,DET,WPG,2,1,0.49,0.48,0.53,0.5,235.0,259.0,275.0,190.0,20252026
2025-12-25,CBJ,NJD,2,3,0.48,0.49,0.53,0.52,267.0,267.0,240.0,220.0,20252026
2025-12-25,DAL,BUF,1,4,0.52,0.5,0.48,0.5,275.0,222.0,265.0,287.0,20252026
2025-12-25,COL,STL,6,1,0.53,0.54,0.49,0.49,273.0,231.0,250.0,231.0,20252026
2025-12-25,CGY,PHI,5,1,0.49,0.51,0.51,0.48,220.0,236.0,232.0,283.0,20252026
2025-12-25,EDM,BOS,2,6,0.55,0.54,0.48,0.48,259.0,235.0,222.0,271.0,20252026
2025-12-26,OTT,WSH,4,3,0.5,0.51,0.52,0.5,242.0,232.0,286.0,229.0,20252026
2025-12-26,NYI,UTA,2,7,0.5,0.5,0.5,0.5,250.0,250.0,250.0,250.0,20252026
2025-12-26,TOR,WPG,6,5,0.49,0.47,0.53,0.5,267.0,229.0,275.0,190.0,20252026
2025-12-26,PIT,DET,4,3,0.49,0.5,0.49,0.48,242.0,287.0,235.0,259.0,20252026
2025-12-26,CAR,MTL,5,7,0.55,0.59,0.46,0.47,266.0,230.0,243.0,261.0,20252026
2025-12-26,LAK,TBL,3,5,0.54,0.53,0.53,0.51,249.0,203.0,292.0,216.0,20252026
2025-12-26,CHI,DAL,4,3,0.43,0.44,0.52,0.5,224.0,292.0,275.0,222.0,20252026
2025-12-26,SEA,NSH,4,1,0.47,0.48,0.51,0.52,245.0,262.0,212.0,274.0,20252026
2025-12-27,STL,VGK,4,3,0.49,0.49,0.54,0.51,250.0,231.0,274.0,214.0,20252026
2025-12-27,FLA,NYR,1,5,0.55,0.56,0.48,0.5,246.0,223.0,255.0,255.0,20252026
2025-12-27,VAN,SEA,3,4,0.49,0.49,0.47,0.48,233.0,251.0,245.0,262.0,20252026
2025-12-27,ANA,MIN,2,5,0.45,0.46,0.5,0.48,217.0,261.0,225.0,236.0,20252026
2025-12-28,DET,PIT,1,4,0.49,0.48,0.49,0.5,235.0,259.0,242.0,287.0,20252026
2025-12-28,NJD,UTA,4,1,0.5,0.5,0.5,0.5,250.0,250.0,250.0,250.0,20252026
2025-12-28,CBJ,BUF,5,1,0.48,0.49,0.48,0.5,267.0,267.0,265.0,287.0,20252026
2025-12-28,EDM,PHI,2,5,0.55,0.54,0.51,0.48,259.0,235.0,232.0,283.0,20252026
2025-12-28,STL,MTL,2,0,0.49,0.49,0.46,0.47,250.0,231.0,243.0,261.0,20252026
2025-12-28,SJS,TBL,3,7,0.43,0.46,0.53,0.51,208.0,310.0,292.0,216.0,20252026
2025-12-28,OTT,WPG,4,2,0.5,0.51,0.53,0.5,242.0,232.0,275.0,190.0,20252026
2025-12-28,NYI,TOR,4,3,0.48,0.5,0.49,0.47,222.0,257.0,267.0,229.0,20252026
2025-12-28,WSH,CHI,2,3,0.52,0.5,0.43,0.44,286.0,229.0,224.0,292.0,20252026
2025-12-28,CAR,COL,3,5,0.55,0.59,0.53,0.54,266.0,230.0,273.0,231.0,20252026
2025-12-28,CGY,NSH,3,4,0.49,0.51,0.51,0.52,220.0,236.0,212.0,274.0,20252026
2025-12-28,LAK,MIN,5,4,0.54,0.53,0.5,0.48,249.0,203.0,225.0,236.0,20252026
2025-12-28,VAN,BOS,2,3,0.49,0.49,0.48,0.48,233.0,251.0,222.0,271.0,20252026
2025-12-29,DAL,MTL,3,4,0.52,0.5,0.46,0.47,275.0,222.0,243.0,261.0,20252026
2025-12-29,CBJ,PIT,4,5,0.48,0.49,0.49,0.5,267.0,267.0,242.0,287.0,20252026
2025-12-29,FLA,COL,2,1,0.55,0.56,0.53,0.54,246.0,223.0,273.0,231.0,20252026
2025-12-29,NJD,CAR,1,3,0.53,0.52,0.55,0.59,240.0,220.0,266.0,230.0,20252026
2025-12-29,CHI,VGK,3,2,0.43,0.44,0.54,0.51,224.0,292.0,274.0,214.0,20252026
2025-12-30,NYR,UTA,2,3,0.5,0.5,0.5,0.5,250.0,250.0,250.0,250.0,20252026
2025-12-30,WSH,ANA,7,4,0.52,0.5,0.45,0.46,286.0,229.0,217.0,261.0,20252026
2025-12-30,OTT,DET,3,5,0.5,0.51,0.49,0.48,242.0,232.0,235.0,259.0,20252026
2025-12-30,CGY,SEA,1,5,0.49,0.51,0.47,0.48,220.0,236.0,245.0,262.0,20252026
2025-12-30,LAK,MIN,4,2,0.54,0.53,0.5,0.48,249.0,203.0,225.0,236.0,20252026
2025-12-31,BUF,VAN,5,3,0.48,0.5,0.49,0.49,265.0,287.0,233.0,251.0,20252026
2025-12-31,TBL,COL,4,2,0.53,0.51,0.53,0.54,292.0,216.0,273.0,231.0,20252026
2025-12-31,PHI,ANA,5,2,0.51,0.48,0.45,0.46,232.0,283.0,217.0,261.0,20252026
2025-12-31,CAR,DAL,6,3,0.55,0.59,0.52,0.5,266.0,230.0,275.0,222.0,20252026
2025-12-31,NYI,NJD,9,0,0.48,0.5,0.53,0.52,222.0,257.0,240.0,220.0,20252026
2025-12-31,TOR,FLA,4,1,0.49,0.47,0.55,0.56,267.0,229.0,246.0,223.0,20252026
2025-12-31,WPG,VGK,3,4,0.53,0.5,0.54,0.51,275.0,190.0,274.0,214.0,20252026
2025-12-31,EDM,NSH,6,2,0.55,0.54,0.51,0.52,259.0,235.0,212.0,274.0,20252026
2025-12-31,SJS,CBJ,5,2,0.43,0.46,0.48,0.49,208.0,310.0,267.0,267.0,20252026
2025-12-31,SEA,BOS,7,4,0.47,0.48,0.48,0.48,245.0,262.0,222.0,271.0,20252026
2026-01-01,WSH,DAL,1,4,0.52,0.5,0.52,0.5,286.0,229.0,275.0,222.0,20252026
2026-01-01,MTL,CGY,4,1,0.46,0.47,0.49,0.51,243.0,261.0,220.0,236.0,20252026
2026-01-01,CHI,STL,7,3,0.43,0.44,0.49,0.49,224.0,292.0,250.0,231.0,20252026
2026-01-01,UTA,OTT,3,1,0.5,0.5,0.5,0.5,250.0,250.0,250.0,250.0,20252026
2026-01-01,LAK,SJS,3,4,0.54,0.53,0.43,0.46,249.0,203.0,208.0,310.0,20252026
2026-01-02,BOS,CGY,4,1,0.48,0.48,0.49,0.51,222.0,271.0,220.0,236.0,20252026
2026-01-02,MTL,FLA,6,2,0.46,0.47,0.55,0.56,243.0,261.0,246.0,223.0,20252026
2026-01-02,DET,VAN,5,1,0.49,0.48,0.49,0.49,235.0,259.0,233.0,251.0,20252026
2026-01-02,NYR,BUF,2,5,0.48,0.5,0.48,0.5,255.0,255.0,265.0,287.0,20252026
2026-01-02,PHI,TOR,1,2,0.51,0.48,0.49,0.47,232.0,283.0,267.0,229.0,20252026
2026-01-02,PIT,NJD,4,1,0.49,0.5,0.53,0.52,242.0,287.0,240.0,220.0,20252026
2026-01-02,CAR,ANA,5,2,0.55,0.59,0.45,0.46,266.0,230.0,217.0,261.0,20252026
2026-01-02,NSH,NYI,2,1,0.51,0.52,0.48,0.5,212.0,274.0,222.0,257.0,20252026
2026-01-02,WPG,EDM,3,4,0.53,0.5,0.55,0.54,275.0,190.0,259.0,235.0,20252026
2026-01-02,COL,OTT,8,2,0.53,0.54,0.5,0.51,273.0,231.0,242.0,232.0,20252026
2026-01-02,VGK,CBJ,5,3,0.54,0.51,0.48,0.49,274.0,214.0,267.0,267.0,20252026
2026-01-02,SEA,MIN,2,3,0.47,0.48,0.5,0.48,245.0,262.0,225.0,236.0,20252026
2026-01-03,CHI,WSH,1,5,0.43,0.44,0.52,0.5,224.0,292.0,286.0,229.0,20252026
2026-01-03,WPG,LAK,5,1,0.53,0.5,0.54,0.53,275.0,190.0,249.0,203.0,20252026
2026-01-03,UTA,STL,4,2,0.5,0.5,0.5,0.5,250.0,250.0,250.0,250.0,20252026
2026-01-04,BOS,NYR,10,2,0.48,0.48,0.48,0.5,222.0,271.0,255.0,255.0,20252026
2026-01-04,PIT,CGY,1,2,0.49,0.5,0.49,0.51,242.0,287.0,220.0,236.0,20252026
2026-01-04,COL,CBJ,4,0,0.53,0.54,0.48,0.49,273.0,231.0,267.0,267.0,20252026
2026-01-04,SJS,DAL,5,4,0.43,0.46,0.52,0.5,208.0,310.0,275.0,222.0,20252026
2026-01-04,BUF,ANA,5,3,0.48,0.5,0.45,0.46,265.0,287.0,217.0,261.0,20252026
2026-01-04,TOR,VAN,5,0,0.49,0.47,0.49,0.49,267.0,229.0,233.0,251.0,20252026
2026-01-04,MTL,DET,0,4,0.46,0.47,0.49,0.48,243.0,261.0,235.0,259.0,20252026
2026-01-04,OTT,FLA,2,3,0.5,0.51,0.55,0.56,242.0,232.0,246.0,223.0,20252026
2026-01-04,PHI,TBL,2,7,0.51,0.48,0.53,0.51,232.0,283.0,292.0,216.0,20252026
2026-01-04,CAR,SEA,3,2,0.55,0.59,0.47,0.48,266.0,230.0,245.0,262.0,20252026
2026-01-04,NSH,CHI,0,3,0.51,0.52,0.43,0.44,212.0,274.0,224.0,292.0,20252026
2026-01-04,MIN,NYI,3,4,0.5,0.48,0.48,0.5,225.0,236.0,222.0,257.0,20252026
2026-01-04,EDM,LAK,3,4,0.55,0.54,0.54,0.53,259.0,235.0,249.0,203.0,20252026
2026-01-04,VGK,STL,4,2,0.54,0.51,0.49,0.49,274.0,214.0,250.0,231.0,20252026
2026-01-05,WPG,NJD,4,3,0.53,0.5,0.53,0.52,275.0,190.0,240.0,220.0,20252026
2026-01-05,BOS,PIT,1,0,0.48,0.48,0.49,0.5,222.0,271.0,242.0,287.0,20252026
2026-01-05,NSH,WSH,3,2,0.51,0.52,0.52,0.5,212.0,274.0,286.0,229.0,20252026
2026-01-05,UTA,CBJ,2,3,0.5,0.5,0.5,0.5,250.0,250.0,250.0,250.0,20252026
2026-01-05,SJS,VGK,2,7,0.43,0.46,0.54,0.51,208.0,310.0,274.0,214.0,20252026
2026-01-06,BUF,FLA,3,4,0.48,0.5,0.55,0.56,265.0,287.0,246.0,223.0,20252026
2026-01-06,DET,CAR,4,3,0.49,0.48,0.55,0.59,235.0,259.0,266.0,230.0,20252026
2026-01-06,NYR,SEA,2,4,0.48,0.5,0.47,0.48,255.0,255.0,245.0,262.0,20252026
2026-01-06,PHI,TBL,1,5,0.51,0.48,0.53,0.51,232.0,283.0,292.0,216.0,20252026
2026-01-06,MTL,VAN,6,3,0.46,0.47,0.49,0.49,243.0,261.0,233.0,251.0,20252026
2026-01-06,MIN,NJD,2,5,0.5,0.48,0.53,0.52,225.0,236.0,240.0,220.0,20252026
2026-01-06,CHI,EDM,1,4,0.43,0.44,0.55,0.54,224.0,292.0,259.0,235.0,20252026
2026-01-06,COL,TOR,3,4,0.53,0.54,0.49,0.47,273.0,231.0,267.0,229.0,20252026
2026-01-06,LAK,DAL,1,3,0.54,0.53,0.52,0.5,249.0,203.0,275.0,222.0,20252026
2026-01-07,OTT,VAN,2,1,0.5,0.51,0.49,0.49,242.0,232.0,233.0,251.0,20252026
2026-01-07,PIT,TBL,1,2,0.49,0.5,0.53,0.51,242.0,287.0,292.0,216.0,20252026
2026-01-07,WSH,MTL,3,2,0.52,0.5,0.46,0.47,286.0,229.0,243.0,261.0,20252026
2026-01-07,CBJ,CGY,5,3,0.48,0.49,0.49,0.51,267.0,267.0,220.0,236.0,20252026
2026-01-07,BOS,DET,3,0,0.48,0.48,0.49,0.48,222.0,271.0,235.0,259.0,20252026
2026-01-07,STL,CAR,3,0,0.49,0.49,0.55,0.59,250.0,231.0,266.0,230.0,20252026
2026-01-07,NSH,EDM,4,3,0.51,0.52,0.55,0.54,212.0,274.0,259.0,235.0,20252026
2026-01-07,WPG,NYI,5,4,0.53,0.5,0.48,0.5,275.0,190.0,222.0,257.0,20252026
2026-01-07,UTA,TOR,6,1,0.5,0.5,0.5,0.5,250.0,250.0,250.0,250.0,20252026
2026-01-07,ANA,DAL,3,1,0.45,0.46,0.52,0.5,217.0,261.0,275.0,222.0,20252026
2026-01-08,NJD,SEA,3,2,0.53,0.52,0.47,0.48,240.0,220.0,245.0,262.0,20252026
2026-01-08,BUF,PHI,5,2,0.48,0.5,0.51,0.48,265.0,287.0,232.0,283.0,20252026
2026-01-08,NYR,OTT,4,8,0.48,0.5,0.5,0.51,255.0,255.0,242.0,232.0,20252026
2026-01-08,LAK,VGK,2,3,0.54,0.53,0.54,0.51,249.0,203.0,274.0,214.0,20252026
2026-01-09,BUF,MTL,5,3,0.48,0.5,0.46,0.47,265.0,287.0,243.0,261.0,20252026
2026-01-09,PIT,PHI,6,3,0.49,0.5,0.51,0.48,242.0,287.0,232.0,283.0,20252026
2026-01-09,WSH,SJS,2,3,0.52,0.5,0.43,0.46,286.0,229.0,208.0,310.0,20252026
2026-01-09,CBJ,VAN,4,1,0.48,0.49,0.49,0.49,267.0,267.0,233.0,251.0,20252026
2026-01-09,BOS,SEA,4,2,0.48,0.48,0.47,0.48,222.0,271.0,245.0,262.0,20252026
2026-01-09,MIN,WPG,2,6,0.5,0.48,0.53,0.5,225.0,236.0,275.0,190.0,20252026
2026-01-09,CHI,CGY,1,3,0.43,0.44,0.49,0.51,224.0,292.0,220.0,236.0,20252026
2026-01-09,UTA,DAL,2,1,0.5,0.5,0.5,0.5,250.0,250.0,250.0,250.0,20252026
2026-01-09,EDM,NYI,0,1,0.55,0.54,0.48,0.5,259.0,235.0,222.0,257.0,20252026
2026-01-09,VGK,TOR,6,5,0.54,0.51,0.49,0.47,274.0,214.0,267.0,229.0,20252026
2026-01-10,DET,SJS,4,2,0.49,0.48,0.43,0.46,235.0,259.0,208.0,310.0,20252026
2026-01-10,CAR,FLA,9,1,0.55,0.59,0.55,0.56,266.0,230.0,246.0,223.0,20252026
2026-01-10,STL,TBL,3,2,0.49,0.49,0.53,0.51,250.0,231.0,292.0,216.0,20252026
2026-01-10,COL,NSH,3,7,0.53,0.54,0.51,0.52,273.0,231.0,212.0,274.0,20252026
2026-01-10,LAK,ANA,2,3,0.54,0.53,0.45,0.46,249.0,203.0,217.0,261.0,20252026
2026-01-11,BUF,MIN,4,5,0.48,0.5,0.5,0.48,265.0,287.0,225.0,236.0,20252026
2026-01-11,PHI,NYR,3,6,0.51,0.48,0.48,0.5,232.0,283.0,255.0,255.0,20252026
2026-01-11,CGY,NYI,4,2,0.49,0.51,0.48,0.5,220.0,236.0,222.0,257.0,20252026
2026-01-11,UTA,SEA,6,3,0.5,0.5,0.5,0.5,250.0,250.0,250.0,250.0,20252026
2026-01-11,OTT,MTL,5,6,0.5,0.51,0.46,0.47,242.0,232.0,243.0,261.0,20252026
2026-01-11,NJD,CAR,1,4,0.53,0.52,0.55,0.59,240.0,220.0,266.0,230.0,20252026
2026-01-11,PIT,CBJ,3,4,0.49,0.5,0.48,0.49,242.0,287.0,267.0,267.0,20252026
2026-01-11,WSH,FLA,2,5,0.52,0.5,0.55,0.56,286.0,229.0,246.0,223.0,20252026
2026-01-11,WPG,TOR,3,4,0.53,0.5,0.49,0.47,275.0,190.0,267.0,229.0,20252026
2026-01-11,CHI,BOS,2,5,0.43,0.44,0.48,0.48,224.0,292.0,222.0,271.0,20252026
2026-01-11,VAN,EDM,0,6,0.49,0.49,0.55,0.54,233.0,251.0,259.0,235.0,20252026
2026-01-11,VGK,NSH,7,2,0.54,0.51,0.51,0.52,274.0,214.0,212.0,274.0,20252026
2026-01-11,ANA,LAK,2,1,0.45,0.46,0.54,0.53,217.0,261.0,249.0,203.0,20252026
2026-01-12,DAL,TBL,1,4,0.52,0.5,0.53,0.51,275.0,222.0,292.0,216.0,20252026
2026-01-12,DET,OTT,4,3,0.49,0.48,0.5,0.51,235.0,259.0,242.0,232.0,20252026
2026-01-12,EDM,STL,5,0,0.55,0.54,0.49,0.49,259.0,235.0,250.0,231.0,20252026
2026-01-13,CAR,BUF,2,1,0.55,0.59,0.48,0.5,266.0,230.0,265.0,287.0,20252026
2026-01-13,COL,WSH,5,2,0.53,0.54,0.52,0.5,273.0,231.0,286.0,229.0,20252026
2026-01-13,SEA,PIT,3,6,0.47,0.48,0.49,0.5,245.0,262.0,242.0,287.0,20252026
2026-01-13,FLA,SJS,1,4,0.55,0.56,0.43,0.46,246.0,223.0,208.0,310.0,20252026
2026-01-13,TOR,MIN,3,6,0.49,0.47,0.5,0.48,267.0,229.0,225.0,236.0,20252026
2026-01-13,VGK,PHI,1,2,0.54,0.51,0.51,0.48,274.0,214.0,232.0,283.0,20252026
2026-01-13,CHI,WPG,2,0,0.43,0.44,0.53,0.5,224.0,292.0,275.0,190.0,20252026
2026-01-13,CGY,NJD,1,2,0.49,0.51,0.53,0.52,220.0,236.0,240.0,220.0,20252026
2026-01-13,VAN,NYI,3,4,0.49,0.49,0.48,0.5,233.0,251.0,222.0,257.0,20252026
2026-01-13,ANA,NYR,5,3,0.45,0.46,0.48,0.5,217.0,261.0,255.0,255.0,20252026
2026-01-14,MTL,MIN,4,3,0.46,0.47,0.5,0.48,243.0,261.0,225.0,236.0,20252026
2026-01-14,TBL,SJS,4,1,0.53,0.51,0.43,0.46,292.0,216.0,208.0,310.0,20252026
2026-01-14,CBJ,OTT,1,4,0.48,0.49,0.5,0.51,267.0,267.0,242.0,232.0,20252026
2026-01-14,DAL,BOS,6,2,0.52,0.5,0.48,0.48,275.0,222.0,222.0,271.0,20252026
2026-01-14,NSH,BUF,3,5,0.51,0.52,0.48,0.5,212.0,274.0,265.0,287.0,20252026
2026-01-14,WPG,STL,3,1,0.53,0.5,0.49,0.49,275.0,190.0,250.0,231.0,20252026
2026-01-14,EDM,NJD,1,2,0.55,0.54,0.53,0.52,259.0,235.0,240.0,220.0,20252026
2026-01-14,LAK,NYR,4,3,0.54,0.53,0.48,0.5,249.0,203.0,255.0,255.0,20252026
2026-01-15,TOR,DET,1,2,0.49,0.47,0.49,0.48,267.0,229.0,235.0,259.0,20252026
2026-01-15,COL,ANA,1,2,0.53,0.54,0.45,0.46,273.0,231.0,217.0,261.0,20252026
2026-01-15,UTA,PHI,5,4,0.5,0.5,0.5,0.5,250.0,250.0,250.0,250.0,20252026
2026-01-15,CGY,PIT,1,4,0.49,0.51,0.49,0.5,220.0,236.0,242.0,287.0,20252026
2026-01-15,SEA,NYI,4,1,0.47,0.48,0.48,0.5,245.0,262.0,222.0,257.0,20252026
2026-01-15,VAN,WSH,4,3,0.49,0.49,0.52,0.5,233.0,251.0,286.0,229.0,20252026
2026-01-16,BOS,VGK,4,3,0.48,0.48,0.54,0.51,222.0,271.0,274.0,214.0,20252026
2026-01-16,MTL,BUF,2,4,0.46,0.47,0.48,0.5,243.0,261.0,265.0,287.0,20252026
2026-01-16,CAR,CHI,3,4,0.55,0.59,0.43,0.44,266.0,230.0,224.0,292.0,20252026
2026-01-16,CBJ,DAL,1,0,0.48,0.49,0.52,0.5,267.0,267.0,275.0,222.0,20252026
2026-01-16,NSH,OTT,5,3,0.51,0.52,0.5,0.51,212.0,274.0,242.0,232.0,20252026
2026-01-16,WPG,FLA,1,2,0.53,0.5,0.55,0.56,275.0,190.0,246.0,223.0,20252026
2026-01-16,EDM,PIT,2,6,0.55,0.54,0.49,0.5,259.0,235.0,242.0,287.0,20252026
2026-01-16,MIN,DET,4,3,0.5,0.48,0.49,0.48,225.0,236.0,235.0,259.0,20252026
2026-01-17,TOR,VGK,3,6,0.49,0.47,0.54,0.51,267.0,229.0,274.0,214.0,20252026
2026-01-17,CHI,TBL,1,2,0.43,0.44,0.53,0.51,224.0,292.0,292.0,216.0,20252026
2026-01-17,DAL,STL,3,2,0.52,0.5,0.49,0.49,275.0,222.0,250.0,231.0,20252026
2026-01-17,COL,PHI,3,7,0.53,0.54,0.51,0.48,273.0,231.0,232.0,283.0,20252026
2026-01-17,CGY,WSH,1,3,0.49,0.51,0.52,0.5,220.0,236.0,286.0,229.0,20252026
2026-01-17,VAN,NJD,4,5,0.49,0.49,0.53,0.52,233.0,251.0,240.0,220.0,20252026
2026-01-17,SJS,NYR,3,1,0.43,0.46,0.48,0.5,208.0,310.0,255.0,255.0,20252026
2026-01-17,SEA,ANA,2,4,0.47,0.48,0.45,0.46,245.0,262.0,217.0,261.0,20252026
2026-01-18,NYI,BUF,0,5,0.48,0.5,0.48,0.5,222.0,257.0,265.0,287.0,20252026
2026-01-18,NSH,UTA,2,5,0.5,0.5,0.5,0.5,250.0,250.0,250.0,250.0,20252026
2026-01-18,BOS,MTL,4,3,0.48,0.48,0.46,0.47,222.0,271.0,243.0,261.0,20252026
2026-01-18,OTT,CAR,1,4,0.5,0.51,0.55,0.59,242.0,232.0,266.0,230.0,20252026
2026-01-18,CBJ,TBL,8,5,0.48,0.49,0.53,0.51,267.0,267.0,292.0,216.0,20252026
2026-01-18,WPG,DET,1,5,0.53,0.5,0.49,0.48,275.0,190.0,235.0,259.0,20252026
2026-01-18,STL,LAK,4,5,0.49,0.49,0.54,0.53,250.0,231.0,249.0,203.0,20252026
2026-01-18,MIN,FLA,3,4,0.5,0.48,0.55,0.56,225.0,236.0,246.0,223.0,20252026
2026-01-18,EDM,WSH,6,5,0.55,0.54,0.52,0.5,259.0,235.0,286.0,229.0,20252026
2026-01-19,TOR,COL,1,4,0.49,0.47,0.53,0.54,267.0,229.0,273.0,231.0,20252026
2026-01-19,SEA,NJD,4,2,0.47,0.48,0.53,0.52,245.0,262.0,240.0,220.0,20252026
2026-01-19,OTT,VGK,7,1,0.5,0.51,0.54,0.51,242.0,232.0,274.0,214.0,20252026
2026-01-19,VAN,PIT,2,3,0.49,0.49,0.49,0.5,233.0,251.0,242.0,287.0,20252026
2026-01-19,CHI,FLA,1,5,0.43,0.44,0.55,0.56,224.0,292.0,246.0,223.0,20252026
2026-01-19,CGY,ANA,3,4,0.49,0.51,0.45,0.46,220.0,236.0,217.0,261.0,20252026
2026-01-20,TBL,UTA,2,0,0.5,0.5,0.5,0.5,250.0,250.0,250.0,250.0,20252026
2026-01-20,NYR,BOS,4,3,0.48,0.5,0.48,0.48,255.0,255.0,222.0,271.0,20252026
2026-01-20,PHI,NYI,0,4,0.51,0.48,0.48,0.5,232.0,283.0,222.0,257.0,20252026
2026-01-20,EDM,ANA,7,4,0.55,0.54,0.45,0.46,259.0,235.0,217.0,261.0,20252026
2026-01-21,BOS,NSH,3,2,0.48,0.48,0.51,0.52,222.0,271.0,212.0,274.0,20252026
2026-01-21,TOR,BUF,4,7,0.49,0.47,0.48,0.5,267.0,229.0,265.0,287.0,20252026
2026-01-21,MTL,VGK,3,2,0.46,0.47,0.54,0.51,243.0,261.0,274.0,214.0,20252026
2026-01-21,DET,LAK,1,3,0.49,0.48,0.54,0.53,235.0,259.0,249.0,203.0,20252026
2026-01-21,FLA,UTA,3,4,0.5,0.5,0.5,0.5,250.0,250.0,250.0,250.0,20252026
2026-01-21,NJD,WPG,3,4,0.53,0.52,0.53,0.5,240.0,220.0,275.0,190.0,20252026
2026-01-21,STL,DAL,3,4,0.49,0.49,0.52,0.5,250.0,231.0,275.0,222.0,20252026
2026-01-21,MIN,CHI,4,3,0.5,0.48,0.43,0.44,225.0,236.0,224.0,292.0,20252026
2026-01-21,VAN,SJS,2,5,0.49,0.49,0.43,0.46,233.0,251.0,208.0,310.0,20252026
2026-01-21,SEA,WSH,5,1,0.47,0.48,0.52,0.5,245.0,262.0,286.0,229.0,20252026
2026-01-22,NYI,NYR,5,2,0.48,0.5,0.48,0.5,222.0,257.0,255.0,255.0,20252026
2026-01-22,CBJ,PHI,5,3,0.48,0.49,0.51,0.48,267.0,267.0,232.0,283.0,20252026
2026-01-22,OTT,COL,5,2,0.5,0.51,0.53,0.54,242.0,232.0,273.0,231.0,20252026
2026-01-23,BOS,PHI,6,3,0.48,0.48,0.51,0.48,222.0,271.0,232.0,283.0,20252026
2026-01-23,BUF,LAK,4,1,0.48,0.5,0.54,0.53,265.0,287.0,249.0,203.0,20252026
2026-01-23,MTL,COL,7,3,0.46,0.47,0.53,0.54,243.0,261.0,273.0,231.0,20252026
2026-01-23,TBL,WPG,4,1,0.53,0.51,0.53,0.5,292.0,216.0,275.0,190.0,20252026
2026-01-23,NJD,NSH,3,2,0.53,0.52,0.51,0.52,240.0,220.0,212.0,274.0,20252026
2026-01-23,NYR,NYI,1,2,0.48,0.5,0.48,0.5,255.0,255.0,222.0,257.0,20252026
2026-01-23,PIT,CHI,6,2,0.49,0.5,0.43,0.44,242.0,287.0,224.0,292.0,20252026
2026-01-23,CAR,UTA,5,4,0.5,0.5,0.5,0.5,250.0,250.0,250.0,250.0,20252026
2026-01-23,DET,WSH,3,4,0.49,0.48,0.52,0.5,235.0,259.0,286.0,229.0,20252026
2026-01-23,STL,FLA,5,4,0.49,0.49,0.55,0.56,250.0,231.0,246.0,223.0,20252026
2026-01-23,MIN,CGY,4,1,0.5,0.48,0.49,0.51,225.0,236.0,220.0,236.0,20252026
2026-01-23,EDM,SJS,4,3,0.55,0.54,0.43,0.46,259.0,235.0,208.0,310.0,20252026
2026-01-23,VAN,ANA,2,0,0.49,0.49,0.45,0.46,233.0,251.0,217.0,261.0,20252026
2026-01-23,VGK,DAL,4,5,0.54,0.51,0.52,0.5,274.0,214.0,275.0,222.0,20252026
2026-01-23,SEA,TOR,5,2,0.47,0.48,0.49,0.47,245.0,262.0,267.0,229.0,20252026
2026-01-24,CHI,CBJ,2,4,0.43,0.44,0.48,0.49,224.0,292.0,267.0,267.0,20252026
2026-01-25,PHI,LAK,2,3,0.51,0.48,0.54,0.53,232.0,283.0,249.0,203.0,20252026
2026-01-25,DET,COL,0,5,0.49,0.48,0.53,0.54,235.0,259.0,273.0,231.0,20252026
2026-01-25,PIT,NYR,6,5,0.49,0.5,0.48,0.5,242.0,287.0,255.0,255.0,20252026
2026-01-25,FLA,WPG,1,2,0.55,0.56,0.53,0.5,246.0,223.0,275.0,190.0,20252026
2026-01-25,CGY,SJS,3,2,0.49,0.51,0.43,0.46,220.0,236.0,208.0,310.0,20252026
2026-01-25,WSH,CAR,4,3,0.52,0.5,0.55,0.59,286.0,229.0,266.0,230.0,20252026
2026-01-25,BUF,MTL,2,4,0.48,0.5,0.46,0.47,265.0,287.0,243.0,261.0,20252026
2026-01-25,OTT,NJD,4,1,0.5,0.51,0.53,0.52,242.0,232.0,240.0,220.0,20252026
2026-01-25,NYI,NSH,3,4,0.48,0.5,0.51,0.52,222.0,257.0,212.0,274.0,20252026
2026-01-25,STL,CBJ,3,5,0.49,0.49,0.48,0.49,250.0,231.0,267.0,267.0,20252026
2026-01-25,VAN,TOR,2,3,0.49,0.49,0.49,0.47,233.0,251.0,267.0,229.0,20252026
2026-01-25,UTA,DAL,2,3,0.5,0.5,0.5,0.5,250.0,250.0,250.0,250.0,20252026
2026-01-25,EDM,MIN,3,7,0.55,0.54,0.5,0.48,259.0,235.0,225.0,236.0,20252026
2026-01-25,VGK,SEA,2,3,0.54,0.51,0.47,0.48,274.0,214.0,245.0,262.0,20252026
2026-01-26,CAR,LAK,3,2,0.55,0.59,0.54,0.53,266.0,230.0,249.0,203.0,20252026
2026-01-26,TBL,BOS,6,5,0.53,0.51,0.48,0.48,292.0,216.0,222.0,271.0,20252026
2026-01-26,ANA,VGK,4,3,0.45,0.46,0.54,0.51,217.0,261.0,274.0,214.0,20252026
2026-01-27,FLA,BUF,3,5,0.55,0.56,0.48,0.5,246.0,223.0,265.0,287.0,20252026
2026-01-27,PIT,OTT,2,3,0.49,0.5,0.5,0.51,242.0,287.0,242.0,232.0,20252026
2026-01-27,WSH,NYI,4,1,0.52,0.5,0.48,0.5,286.0,229.0,222.0,257.0,20252026
2026-01-27,MIN,MTL,4,3,0.5,0.48,0.46,0.47,225.0,236.0,243.0,261.0,20252026
2026-01-27,NSH,STL,6,5,0.51,0.52,0.49,0.49,212.0,274.0,250.0,231.0,20252026
2026-01-27,CHI,SJS,6,3,0.43,0.44,0.43,0.46,224.0,292.0,208.0,310.0,20252026
2026-01-27,DAL,WPG,4,3,0.52,0.5,0.53,0.5,275.0,222.0,275.0,190.0,20252026
2026-01-27,COL,DET,0,2,0.53,0.54,0.49,0.48,273.0,231.0,235.0,259.0,20252026
2026-01-27,UTA,VAN,6,2,0.5,0.5,0.5,0.5,250.0,250.0,250.0,250.0,20252026
2026-01-27,CGY,TOR,2,4,0.49,0.51,0.49,0.47,220.0,236.0,267.0,229.0,20252026
2026-01-28,NJD,CBJ,0,3,0.53,0.52,0.48,0.49,240.0,220.0,267.0,267.0,20252026
2026-01-28,PHI,WSH,4,2,0.51,0.48,0.52,0.5,232.0,283.0,286.0,229.0,20252026
2026-01-28,CAR,OTT,4,3,0.55,0.59,0.5,0.51,266.0,230.0,242.0,232.0,20252026
2026-01-28,TBL,BUF,4,3,0.53,0.51,0.48,0.5,292.0,216.0,265.0,287.0,20252026
2026-01-28,NYI,PIT,5,4,0.48,0.5,0.49,0.5,222.0,257.0,242.0,287.0,20252026
2026-01-28,EDM,TOR,2,5,0.55,0.54,0.49,0.47,259.0,235.0,267.0,229.0,20252026
2026-01-28,ANA,SEA,4,2,0.45,0.46,0.47,0.48,217.0,261.0,245.0,262.0,20252026
2026-01-29,FLA,BOS,5,4,0.55,0.56,0.48,0.48,246.0,223.0,222.0,271.0,20252026
2026-01-29,CBJ,CHI,4,0,0.48,0.49,0.43,0.44,267.0,267.0,224.0,292.0,20252026
2026-01-29,WPG,MTL,1,5,0.53,0.5,0.46,0.47,275.0,190.0,243.0,261.0,20252026
2026-01-29,NSH,MIN,5,6,0.51,0.52,0.5,0.48,212.0,274.0,225.0,236.0,20252026
2026-01-29,COL,SJS,4,2,0.53,0.54,0.43,0.46,273.0,231.0,208.0,310.0,20252026
2026-01-29,UTA,DET,4,1,0.5,0.5,0.5,0.5,250.0,250.0,250.0,250.0,20252026
2026-01-29,DAL,STL,5,4,0.52,0.5,0.49,0.49,275.0,222.0,250.0,231.0,20252026
2026-01-29,CGY,EDM,4,3,0.49,0.51,0.55,0.54,220.0,236.0,259.0,235.0,20252026
2026-01-29,VGK,VAN,5,2,0.54,0.51,0.49,0.49,274.0,214.0,233.0,251.0,20252026
2026-01-29,LAK,SEA,2,4,0.54,0.53,0.47,0.48,249.0,203.0,245.0,262.0,20252026
2026-01-30,BUF,PIT,2,5,0.48,0.5,0.49,0.5,265.0,287.0,242.0,287.0,20252026
2026-01-30,NJD,NYI,1,3,0.53,0.52,0.48,0.5,240.0,220.0,222.0,257.0,20252026
2026-01-30,NYR,CAR,0,2,0.48,0.5,0.55,0.59,255.0,255.0,266.0,230.0,20252026
2026-01-30,PHI,OTT,1,2,0.51,0.48,0.5,0.51,232.0,283.0,242.0,232.0,20252026
2026-01-30,WSH,NSH,4,2,0.52,0.5,0.51,0.52,286.0,229.0,212.0,274.0,20252026
2026-01-30,TBL,FLA,6,1,0.53,0.51,0.55,0.56,292.0,216.0,246.0,223.0,20252026
2026-01-30,VGK,LAK,4,1,0.54,0.51,0.54,0.53,274.0,214.0,249.0,203.0,20252026
2026-01-31,PHI,LAK,2,3,0.5,0.52,0.53,0.53,231.0,258.0,254.0,210.0,20252026
2026-01-31,PIT,NYR,6,5,0.53,0.52,0.52,0.51,253.0,248.0,278.0,226.0,20252026
2026-01-31,FLA,WPG,1,2,0.57,0.56,0.5,0.5,265.0,198.0,259.0,198.0,20252026
2026-01-31,CGY,SJS,3,2,0.5,0.51,0.4000000000000001,0.43,253.0,267.0,180.0,326.0,20252026
2026-01-31,WSH,CAR,4,3,0.47,0.47,0.56,0.59,216.0,252.0,277.0,211.0,20252026
2026-01-31,BUF,MTL,2,4,0.48,0.5,0.4499999999999999,0.4499999999999999,244.0,243.0,232.0,281.0,20252026
2026-01-31,OTT,NJD,4,1,0.51,0.51,0.5,0.52,250.0,281.0,264.0,281.0,20252026
2026-01-31,NYI,NSH,3,4,0.48,0.47,0.52,0.52,245.0,258.0,266.0,248.0,20252026
2026-01-31,STL,CBJ,3,5,0.47,0.47,0.4499999999999999,0.48,234.0,248.0,234.0,298.0,20252026
2026-01-31,VAN,TOR,2,3,0.52,0.51,0.52,0.51,279.0,221.0,298.0,261.0,20252026
2026-01-31,UTA,DAL,2,3,0.48,0.48,0.56,0.53,254.0,274.0,294.0,232.0,20252026
2026-01-31,EDM,MIN,3,7,0.57,0.55,0.52,0.5,292.0,236.0,248.0,260.0,20252026
2026-01-31,VGK,SEA,2,3,0.5,0.49,0.51,0.51,263.0,243.0,214.0,232.0,20252026
2026-02-01,CAR,LAK,3,2,0.56,0.59,0.53,0.53,277.0,211.0,254.0,210.0,20252026
2026-02-01,TBL,BOS,6,5,0.51,0.51,0.5,0.47,288.0,267.0,263.0,221.0,20252026
2026-02-01,ANA,VGK,4,3,0.44,0.4499999999999999,0.5,0.49,203.0,293.0,263.0,243.0,20252026
2026-02-02,FLA,BUF,3,5,0.57,0.56,0.48,0.5,265.0,198.0,244.0,243.0,20252026
2026-02-02,PIT,OTT,2,3,0.53,0.52,0.51,0.51,253.0,248.0,250.0,281.0,20252026
2026-02-02,WSH,NYI,4,1,0.47,0.47,0.48,0.47,216.0,252.0,245.0,258.0,20252026
2026-02-02,MIN,MTL,4,3,0.52,0.5,0.4499999999999999,0.4499999999999999,248.0,260.0,232.0,281.0,20252026
2026-02-02,NSH,STL,6,5,0.52,0.52,0.47,0.47,266.0,248.0,234.0,248.0,20252026
2026-02-02,CHI,SJS,6,3,0.43,0.4499999999999999,0.4000000000000001,0.43,178.0,289.0,180.0,326.0,20252026
2026-02-02,DAL,WPG,4,3,0.56,0.53,0.5,0.5,294.0,232.0,259.0,198.0,20252026
2026-02-02,UTA,VAN,6,2,0.48,0.48,0.52,0.51,254.0,274.0,279.0,221.0,20252026
2026-02-02,CGY,TOR,2,4,0.5,0.51,0.52,0.51,253.0,267.0,298.0,261.0,20252026
2026-02-03,PHI,WSH,4,2,0.5,0.52,0.47,0.47,231.0,258.0,216.0,252.0,20252026
2026-02-03,CAR,OTT,4,3,0.56,0.59,0.51,0.51,277.0,211.0,250.0,281.0,20252026
2026-02-03,TBL,BUF,4,3,0.51,0.51,0.48,0.5,288.0,267.0,244.0,243.0,20252026
2026-02-03,NYI,PIT,5,4,0.48,0.47,0.53,0.52,245.0,258.0,253.0,248.0,20252026
2026-02-03,EDM,TOR,2,5,0.57,0.55,0.52,0.51,292.0,236.0,298.0,261.0,20252026
2026-02-03,ANA,SEA,4,2,0.44,0.4499999999999999,0.51,0.51,203.0,293.0,214.0,232.0,20252026
2026-02-04,FLA,BOS,5,4,0.57,0.56,0.5,0.47,265.0,198.0,263.0,221.0,20252026
2026-02-04,WPG,MTL,1,5,0.5,0.5,0.4499999999999999,0.4499999999999999,259.0,198.0,232.0,281.0,20252026
2026-02-04,NSH,MIN,5,6,0.52,0.52,0.52,0.5,266.0,248.0,248.0,260.0,20252026
2026-02-04,COL,SJS,4,2,0.52,0.53,0.4000000000000001,0.43,302.0,252.0,180.0,326.0,20252026
2026-02-04,UTA,DET,4,1,0.48,0.48,0.47,0.47,254.0,274.0,275.0,273.0,20252026
2026-02-04,DAL,STL,5,4,0.56,0.53,0.47,0.47,294.0,232.0,234.0,248.0,20252026
2026-02-04,CGY,EDM,4,3,0.5,0.51,0.57,0.55,253.0,267.0,292.0,236.0,20252026
2026-02-04,VGK,VAN,5,2,0.5,0.49,0.52,0.51,263.0,243.0,279.0,221.0,20252026
2026-02-04,LAK,SEA,2,4,0.53,0.53,0.51,0.51,254.0,210.0,214.0,232.0,20252026
2026-02-05,BUF,PIT,2,5,0.48,0.5,0.53,0.52,244.0,243.0,253.0,248.0,20252026
2026-02-05,NJD,NYI,1,3,0.5,0.52,0.48,0.47,264.0,281.0,245.0,258.0,20252026
2026-02-05,PHI,OTT,1,2,0.5,0.52,0.51,0.51,231.0,258.0,250.0,281.0,20252026
2026-02-05,WSH,NSH,4,2,0.47,0.47,0.52,0.52,216.0,252.0,266.0,248.0,20252026
2026-02-05,TBL,FLA,6,1,0.51,0.51,0.57,0.56,288.0,267.0,265.0,198.0,20252026
2026-02-05,VGK,LAK,4,1,0.5,0.49,0.53,0.53,263.0,243.0,254.0,210.0,20252026
2026-02-25,NJD,BUF,1,2,0.5,0.52,0.48,0.5,264.0,281.0,244.0,243.0,20252026
2026-02-25,WSH,PHI,3,1,0.47,0.47,0.5,0.52,216.0,252.0,231.0,258.0,20252026
2026-02-25,TBL,TOR,4,2,0.51,0.51,0.52,0.51,288.0,267.0,298.0,261.0,20252026
2026-02-25,DAL,SEA,4,1,0.56,0.53,0.51,0.51,294.0,232.0,214.0,232.0,20252026
2026-02-25,UTA,COL,2,4,0.48,0.48,0.52,0.53,254.0,274.0,302.0,252.0,20252026
2026-02-25,VAN,WPG,2,3,0.52,0.51,0.5,0.5,279.0,221.0,259.0,198.0,20252026
2026-02-25,LAK,VGK,4,6,0.53,0.53,0.5,0.49,254.0,210.0,263.0,243.0,20252026
2026-02-25,ANA,EDM,6,5,0.44,0.4499999999999999,0.57,0.55,203.0,293.0,292.0,236.0,20252026
